Accession Number,Entrez Gene Symbol,Kinase,AMG-706,BIBF-1120 (derivative),CI-1040,GSK-461364A,PI-103,SKI-606,Sorafenib,SU-14813,Sunitinib,TG-100-115,VX-680/MK-0457,VX-745
NP_055726.3,AAK1,AAK1,10001,63,10001,10001,10001,2300,10001,66,11,870,290,10001
NP_005148.2,ABL1,ABL1(E255K)-phosphorylated,10001,63,10001,10001,10001,0.047,3400,310,180,10001,3,10001
NP_005148.2,ABL1,ABL1(F317I)-nonphosphorylated,4000,6900,10001,10001,10001,0.63,1700,3400,3600,10001,7200,10001
NP_005148.2,ABL1,ABL1(F317I)-phosphorylated,10001,2600,10001,10001,10001,0.18,4900,2400,890,10001,2100,10001
NP_005148.2,ABL1,ABL1(F317L)-nonphosphorylated,910,2300,10001,10001,10001,0.11,770,3300,730,10001,480,10001
NP_005148.2,ABL1,ABL1(F317L)-phosphorylated,7700,640,10001,10001,10001,0.029,7100,1200,370,8400,400,10001
NP_005148.2,ABL1,ABL1(H396P)-nonphosphorylated,1400,45,10001,10001,10001,0.062,520,240,74,5300,3.3,10001
NP_005148.2,ABL1,ABL1(H396P)-phosphorylated,10001,49,10001,10001,10001,0.057,2400,560,140,3800,3.1,10001
NP_005148.2,ABL1,ABL1(M351T)-phosphorylated,10001,52,10001,10001,10001,0.037,1200,500,120,10001,5.3,10001
NP_005148.2,ABL1,ABL1(Q252H)-nonphosphorylated,670,73,10001,10001,10001,0.086,130,870,240,10001,3.8,10001
NP_005148.2,ABL1,ABL1(Q252H)-phosphorylated,10001,28,10001,10001,10001,0.039,5500,500,76,10001,9.4,10001
NP_005148.2,ABL1,ABL1(T315I)-nonphosphorylated,10001,66,10001,10001,10001,21,590,220,150,7800,9.7,10001
NP_005148.2,ABL1,ABL1(T315I)-phosphorylated,10001,10,10001,10001,10001,3.6,1500,160,55,890,9.3,10001
NP_005148.2,ABL1,ABL1(Y253F)-phosphorylated,4500,37,10001,10001,10001,0.036,660,580,140,10001,7.8,10001
NP_005148.2,ABL1,ABL1-nonphosphorylated,680,230,10001,10001,10001,0.12,130,920,270,10001,13,10001
NP_005148.2,ABL1,ABL1-phosphorylated,6700,64,10001,10001,10001,0.057,1400,620,150,10001,7.5,10001
NP_005149.3,ABL2,ABL2,4500,2000,10001,10001,10001,1.5,2900,10001,1000,10001,4,1900
NP_001096.1,ACVR1,ACVR1,10001,600,10001,10001,10001,10001,10001,10001,10001,10001,1900,10001
NP_004293.1,ACVR1B,ACVR1B,10001,4900,10001,10001,10001,10001,10001,10001,10001,10001,10001,10001
NP_001607.1,ACVR2A,ACVR2A,10001,10001,10001,10001,10001,10001,10001,10001,10001,10001,10001,10001
NP_001097.2,ACVR2B,ACVR2B,10001,10001,10001,10001,10001,10001,10001,10001,10001,10001,10001,10001
NP_000011.1,ACVRL1,ACVRL1,10001,4200,10001,10001,10001,10001,10001,10001,10001,10001,9500,10001
NP_064632.2,CABC1,ADCK3,10001,10001,10001,10001,10001,10001,10001,10001,10001,94,10001,10001
NP_079152.3,ADCK4,ADCK4,10001,10001,10001,10001,10001,10001,10001,10001,10001,1400,10001,10001
NP_005154.2,AKT1,AKT1,10001,10001,10001,10001,10001,10001,10001,10001,10001,10001,10001,10001
NP_001617.1,AKT2,AKT2,10001,10001,10001,10001,10001,10001,10001,10001,2700,10001,10001,10001
NP_005456.1,AKT3,AKT3,10001,10001,10001,10001,10001,10001,10001,10001,10001,10001,10001,10001
NP_004295.2,ALK,ALK,10001,31,10001,10001,10001,690,10001,490,170,10001,3100,10001
BAA36547.1,PRKAA1,AMPK-alpha1,10001,87,10001,10001,10001,3900,10001,100,19,10001,1100,10001
NP_006243.2,PRKAA2,AMPK-alpha2,10001,84,10001,10001,10001,10001,10001,290,89,10001,350,10001
NP_848605.1,ANKK1,ANKK1,10001,10001,10001,6200,10001,2100,10001,160,310,10001,5600,10001
NP_055655.1,NUAK1,ARK5,10001,160,10001,10001,10001,5900,10001,460,48,10001,200,10001
NP_005914.1,MAP3K5,ASK1,10001,10001,10001,10001,10001,10001,10001,10001,10001,10001,10001,10001
NP_004663.3,MAP3K6,ASK2,10001,10001,10001,10001,10001,10001,10001,10001,10001,10001,10001,10001
NP_003591.2,AURKA,AURKA,10001,10001,10001,10001,10001,10001,10001,10001,1700,10001,3.9,10001
AAH00442.2,AURKB,AURKB,10001,420,10001,10001,10001,10001,440,340,380,10001,7.4,10001
AAC77369.1,AURKC,AURKC,1900,190,1800,10001,10001,10001,210,810,220,10001,6.3,10001
NP_001690.2,AXL,AXL,10001,12,10001,10001,10001,52,4500,84,9,10001,210,10001
NP_060063.2,BMP2K,BIKE,10001,2.2,10001,470,10001,350,10001,27,5.5,640,65,10001
NP_001706.2,BLK,BLK,2200,380,10001,10001,10001,3.3,10001,750,65,10001,2200,3100
NP_004320.2,BMPR1A,BMPR1A,10001,10001,10001,10001,10001,10001,10001,10001,10001,10001,10001,10001
NP_001194.1,BMPR1B,BMPR1B,10001,10001,10001,10001,10001,10001,10001,3700,2400,10001,1100,10001
NP_001195.2,BMPR2,BMPR2,10001,56,10001,10001,10001,580,10001,200,570,10001,7100,10001
NP_001712.1,BMX,BMX,10001,10001,10001,10001,10001,200,10001,10001,10001,10001,2600,10001
NP_004324.2,BRAF,BRAF,630,10001,10001,10001,2900,10001,540,10001,10001,2100,10001,10001
NP_004324.2,BRAF,BRAF(V600E),280,10001,10001,10001,2300,10001,260,10001,10001,2000,10001,10001
NP_005966.1,PTK6,BRK,1000,10001,10001,10001,10001,10001,10001,10001,4600,5000,10001,10001
NP_115806.1,BRSK1,BRSK1,10001,10001,10001,10001,10001,10001,10001,5000,3500,730,8400,10001
NP_003948.2,BRSK2,BRSK2,10001,10001,10001,8300,10001,10001,10001,4100,1100,1200,10001,10001
NP_000052.1,BTK,BTK,10001,310,10001,10001,10001,4.8,10001,4000,2100,10001,4400,10001
NP_003647.1,CAMK1,CAMK1,10001,5900,10001,10001,10001,10001,10001,3300,970,10001,7000,10001
NP_065130.1,CAMK1D,CAMK1D,10001,2200,10001,10001,10001,550,10001,970,510,10001,4900,10001
NP_065172.1,CAMK1G,CAMK1G,10001,260,10001,10001,10001,10001,10001,940,440,10001,6500,10001
NP_741960.1,CAMK2A,CAMK2A,10001,3600,3400,1000,10001,4500,10001,350,80,10001,10001,10001
NP_001211.3,CAMK2B,CAMK2B,10001,10001,10001,2900,10001,10001,10001,2300,1400,10001,10001,10001
AAD20442.1,CAMK2D,CAMK2D,10001,10001,10001,620,10001,10001,10001,760,420,10001,10001,10001
NP_751913.1,CAMK2G,CAMK2G,10001,10001,10001,1300,10001,3600,10001,1100,690,10001,10001,10001
NP_001735.1,CAMK4,CAMK4,10001,3700,10001,10001,10001,10001,10001,2700,890,10001,10001,10001
NP_115670.1,CAMKK1,CAMKK1,10001,630,10001,10001,10001,10001,10001,850,420,10001,4600,10001
NP_006540.3,CAMKK2,CAMKK2,10001,920,10001,10001,10001,780,10001,2500,1500,10001,10001,10001
NP_003679.2,CASK,CASK,10001,10001,10001,10001,10001,830,10001,10001,10001,10001,10001,10001
NP_277023.1,CDC2L1,CDC2L1,10001,10001,10001,10001,10001,10001,10001,10001,10001,10001,290,10001
NP_076916.1,CDC2L2,CDC2L2,10001,10001,10001,10001,10001,10001,10001,10001,10001,10001,260,10001
NP_003709.3,CDC2L5,CDC2L5,10001,10001,10001,10001,10001,10001,10001,10001,10001,10001,10001,10001
NP_055891.1,CDC2L6,CDK11,10001,10001,10001,10001,10001,10001,250,10001,10001,10001,10001,10001
NP_001789.2,CDK2,CDK2,10001,1400,10001,10001,10001,10001,8700,10001,10001,10001,10001,10001
NP_001249.1,CDK3,CDK3,10001,10001,10001,10001,10001,10001,3800,10001,10001,10001,10001,10001
NP_000066.1,CDK4,CDK4-cyclinD1,10001,160,10001,10001,10001,10001,10001,4900,6200,10001,10001,10001
NP_000066.1,CDK4,CDK4-cyclinD3,10001,720,10001,10001,10001,10001,10001,7100,2000,10001,10001,10001
NP_004926.1,CDK5,CDK5,10001,10001,10001,10001,10001,10001,8300,10001,6900,10001,10001,10001
NP_001790.1,CDK7,CDK7,10001,300,10001,7700,7200,1200,140,930,330,10001,10001,10001
NP_001251.1,CDK8,CDK8,10001,10001,10001,10001,10001,10001,310,10001,10001,10001,10001,10001
NP_001252.1,CDK9,CDK9,10001,10001,10001,10001,10001,10001,10001,10001,10001,10001,10001,10001
NP_004187.2,CDKL1,CDKL1,10001,10001,10001,10001,10001,10001,10001,10001,10001,10001,10001,10001
NP_003939.1,CDKL2,CDKL2,10001,1300,10001,10001,10001,10001,130,3900,1100,10001,49,10001
NP_001107047.1,CDKL3,CDKL3,10001,10001,10001,10001,10001,10001,490,10001,10001,10001,350,10001
NP_003150.1,CDKL5,CDKL5,10001,10001,10001,10001,10001,10001,10001,10001,10001,10001,2800,10001
NP_001265.2,CHEK1,CHEK1,10001,290,10001,10001,10001,3000,10001,1200,300,10001,8700,10001
NP_001005735.1,CHEK2,CHEK2,10001,10001,10001,10001,10001,120,10001,40,10,10001,10001,10001
NP_009105.1,CIT,CIT,300,10001,10001,10001,10001,2400,6200,94,3900,10001,10001,10001
AAA61480.1,CLK1,CLK1,10001,8.8,10001,10001,3900,600,7500,360,22,140,10001,10001
NP_003984.2,CLK2,CLK2,10001,760,10001,10001,5500,1700,10001,150,20,43,10001,10001
NP_003983.2,CLK3,CLK3,10001,10001,10001,10001,5900,300,10001,10001,10001,7100,10001,10001
NP_065717.1,CLK4,CLK4,10001,18,10001,10001,10001,3200,10001,250,29,130,10001,10001
NP_005202.2,CSF1R,CSF1R,5.6,48,10001,10001,10001,380,28,3.6,2.5,10001,1800,2600
NP_004374.1,CSK,CSK,10001,10001,10001,10001,10001,32,10001,10001,10001,10001,4800,10001
NP_001883.4,CSNK1A1,CSNK1A1,10001,10001,10001,10001,10001,280,10001,400,99,830,10001,10001
NP_660204.1,CSNK1A1L,CSNK1A1L,10001,10001,10001,10001,10001,2600,10001,1500,550,1900,10001,10001
NP_620693.1,CSNK1D,CSNK1D,10001,1300,10001,10001,10001,240,10001,260,15,1300,10001,10001
NP_001885.1,CSNK1E,CSNK1E,10001,230,10001,10001,10001,110,10001,340,13,1200,10001,10001
NP_071331.2,CSNK1G1,CSNK1G1,10001,10001,10001,10001,10001,10001,10001,1000,930,5700,10001,10001
NP_001310.2,CSNK1G2,CSNK1G2,10001,10001,10001,10001,10001,10001,10001,790,110,2400,10001,10001
NP_004375.2,CSNK1G3,CSNK1G3,10001,10001,10001,10001,10001,10001,10001,570,240,8700,10001,10001
NP_001886.1,CSNK2A1,CSNK2A1,10001,7500,10001,7300,5400,10001,10001,1900,900,2800,10001,10001
NP_001887.1,CSNK2A2,CSNK2A2,10001,890,10001,990,2900,10001,10001,300,160,1500,10001,10001
NP_002369.2,MATK,CTK,10001,10001,10001,10001,10001,5800,10001,6200,7700,10001,10001,10001
NP_004929.2,DAPK1,DAPK1,10001,10001,10001,1400,2400,10001,10001,270,120,10001,10001,10001
NP_055141.2,DAPK2,DAPK2,10001,3200,10001,2900,2700,10001,10001,400,150,10001,10001,10001
NP_001339.1,DAPK3,DAPK3,10001,2100,10001,5500,840,10001,10001,170,22,10001,9900,10001
NP_004725.1,DCLK1,DCAMKL1,10001,540,10001,10001,10001,10001,10001,550,370,10001,10001,10001
NP_001035351.3,DCLK2,DCAMKL2,10001,10001,10001,10001,10001,10001,10001,3700,2700,10001,10001,10001
NP_208382.1,DCLK3,DCAMKL3,10001,770,10001,10001,10001,5400,10001,240,110,10001,3600,10001
NP_001945.3,DDR1,DDR1,260,12,10001,10001,10001,120,1.5,10001,2000,10001,28,1100
CAA52777.1,DDR2,DDR2,10001,42,10001,10001,10001,140,6.6,9900,2900,10001,230,10001
NP_006292.2,MAP3K12,DLK,10001,140,10001,10001,10001,670,10001,560,100,10001,190,10001
NP_004400.4,DMPK,DMPK,10001,10001,10001,10001,10001,91,10001,10001,10001,10001,10001,10001
NP_059995.2,CDC42BPG,DMPK2,10001,10001,10001,10001,10001,10001,10001,10001,10001,10001,10001,10001
NP_004751.1,STK17A,DRAK1,10001,110,10001,10001,10001,10001,10001,24,1,10001,9000,10001
NP_004217.1,STK17B,DRAK2,10001,670,10001,10001,10001,10001,10001,320,110,10001,10001,10001
NP_569121.1,DYRK1A,DYRK1A,10001,10001,10001,10001,10001,10001,10001,260,200,670,10001,10001
NP_004705.1,DYRK1B,DYRK1B,10001,1600,10001,10001,5700,10001,10001,2600,2300,730,10001,10001
NP_003574.1,DYRK2,DYRK2,10001,10001,10001,10001,4100,10001,10001,1300,680,5600,10001,10001
NP_005219.2,EGFR,EGFR,1300,10001,10001,10001,10001,35,10001,10001,10001,5100,10001,10001
NP_005219.2,EGFR,EGFR(E746-A750del),3800,10001,10001,10001,10001,18,10001,10001,10001,4100,10001,10001
NP_005219.2,EGFR,EGFR(G719C),2300,10001,10001,10001,10001,98,10001,9000,6800,1400,10001,10001
NP_005219.2,EGFR,EGFR(G719S),1000,10001,10001,10001,10001,26,10001,10001,10001,8600,10001,10001
NP_005219.2,EGFR,"EGFR(L747-E749del, A750P)",960,10001,10001,10001,10001,29,10001,10001,10001,1300,10001,10001
NP_005219.2,EGFR,"EGFR(L747-S752del, P753S)",4500,10001,10001,10001,10001,38,10001,10001,10001,2500,10001,10001
NP_005219.2,EGFR,"EGFR(L747-T751del,Sins)",2600,10001,10001,10001,10001,30,10001,10001,10001,1500,10001,10001
NP_005219.2,EGFR,EGFR(L858R),7100,10001,10001,10001,10001,23,10001,10001,10001,1400,10001,10001
NP_005219.2,EGFR,"EGFR(L858R,T790M)",10001,10001,10001,10001,10001,390,10001,10001,860,2200,10001,10001
NP_005219.2,EGFR,EGFR(L861Q),3900,10001,10001,10001,10001,71,10001,10001,10001,1900,10001,10001
NP_005219.2,EGFR,EGFR(S752-I759del),10001,10001,10001,10001,10001,110,10001,10001,10001,800,10001,10001
NP_005219.2,EGFR,EGFR(T790M),10001,10001,10001,10001,10001,340,10001,3300,2400,6900,10001,10001
NP_055228.2,EIF2AK1,EIF2AK1,10001,10001,10001,10001,10001,630,10001,10001,10001,10001,10001,10001
NP_005223.3,EPHA1,EPHA1,10001,1200,10001,10001,10001,2300,3100,10001,10001,10001,1000,4700
NP_004422.2,EPHA2,EPHA2,10001,2900,10001,10001,10001,18,2000,10001,10001,10001,840,10001
NP_005224.2,EPHA3,EPHA3,10001,8600,10001,10001,10001,5.8,1900,2300,2100,10001,1500,10001
NP_004429.1,EPHA4,EPHA4,10001,10001,10001,10001,10001,18,3000,10001,10001,10001,4300,10001
NP_872272.2,EPHA5,EPHA5,10001,10001,10001,10001,10001,27,3500,10001,1200,10001,10001,10001
NP_001073917.2,EPHA6,EPHA6,490,940,10001,10001,10001,1100,370,2000,960,10001,4700,10001
NP_004431.1,EPHA7,EPHA7,10001,10001,10001,10001,10001,10001,5300,1500,2400,10001,10001,10001
NP_065387.1,EPHA8,EPHA8,10001,10001,10001,10001,10001,9,2400,10001,10001,10001,500,10001
NP_004432.1,EPHB1,EPHB1,10001,550,10001,10001,10001,33,3000,4300,480,10001,1900,6200
NP_059145.2,EPHB2,EPHB2,10001,10001,10001,10001,10001,8.4,1900,10001,10001,10001,5600,10001
NP_004434.2,EPHB3,EPHB3,10001,10001,10001,10001,10001,210,10001,10001,10001,10001,10001,10001
NP_004435.3,EPHB4,EPHB4,10001,1100,10001,10001,10001,9.2,1800,10001,3100,10001,1700,10001
NP_004436.2,EPHB6,EPHB6,10001,140,10001,10001,10001,3000,240,1200,1000,10001,28,10001
NP_001005862.1,ERBB2,ERBB2,10001,10001,10001,10001,10001,2500,10001,10001,10001,440,10001,10001
NP_001973.2,ERBB3,ERBB3,10001,10001,10001,10001,10001,0.77,10001,10001,10001,10001,7100,10001
NP_001036064.1,ERBB4,ERBB4,10001,10001,10001,10001,10001,26,10001,10001,10001,2100,10001,10001
NP_002737.2,MAPK3,ERK1,10001,10001,10001,10001,10001,10001,10001,10001,10001,10001,10001,10001
NP_620407.1,MAPK1,ERK2,10001,10001,10001,10001,10001,10001,10001,10001,10001,10001,10001,10001
NP_002739.1,MAPK6,ERK3,10001,10001,10001,10001,10001,10001,10001,10001,10001,10001,10001,10001
NP_002738.2,MAPK4,ERK4,10001,10001,10001,10001,10001,10001,10001,10001,10001,10001,10001,10001
NP_002740.2,MAPK7,ERK5,10001,2500,10001,10001,10001,2300,10001,10001,9900,10001,6800,10001
NP_620590.2,MAPK15,ERK8,10001,10001,10001,10001,10001,10001,46,10001,10001,10001,10001,10001
NP_001424.3,ERN1,ERN1,10001,2000,10001,10001,10001,10001,10001,1900,600,10001,5600,10001
NP_722560.1,PTK2,FAK,10001,210,10001,10001,10001,570,10001,1200,440,10001,10001,10001
NP_005237.2,FER,FER,10001,73,10001,10001,10001,360,10001,34,1100,10001,4200,10001
NP_001996.1,FES,FES,10001,1200,10001,10001,10001,330,10001,10001,960,10001,7400,10001
NP_075593.1,FGFR1,FGFR1,6200,92,10001,10001,10001,10001,2800,1900,520,10001,550,10001
NP_075259.4,FGFR2,FGFR2,10001,350,10001,10001,10001,10001,2700,790,570,10001,570,10001
NP_000133.1,FGFR3,FGFR3,10001,93,10001,10001,10001,10001,4200,560,290,10001,860,10001
NP_000133.1,FGFR3,FGFR3(G697C),10001,140,10001,10001,10001,10001,5900,380,1400,10001,820,10001
NP_075252.2,FGFR4,FGFR4,6800,1800,10001,10001,10001,10001,10001,6500,2100,10001,7200,10001
NP_005239.1,FGR,FGR,6900,300,10001,10001,10001,6.3,7800,390,270,10001,790,1300
NP_002010.2,FLT1,FLT1,12,63,10001,10001,10001,10001,31,4.7,1.8,10001,100,10001
NP_004110.2,FLT3,FLT3,71,3.8,10001,620,2500,2200,13,0.54,0.41,10001,6.5,10001
NP_004110.2,FLT3,FLT3(D835H),4500,0.71,10001,410,5900,1000,30,6.3,4.3,10001,14,10001
NP_004110.2,FLT3,FLT3(D835Y),9500,0.42,10001,430,10001,1100,82,6.1,2.3,10001,55,10001
NP_004110.2,FLT3,FLT3(ITD),1000,0.7,10001,1500,7200,2900,79,1.8,0.99,10001,45,10001
NP_004110.2,FLT3,FLT3(K663Q),54,4.5,10001,650,10001,2200,4.5,0.7,0.22,10001,4.8,10001
NP_004110.2,FLT3,FLT3(N841I),1100,2.6,10001,690,10001,3400,11,5.4,2.4,10001,4.3,10001
NP_004110.2,FLT3,FLT3(R834Q),3800,17,10001,4800,10001,10001,17,44,11,10001,130,10001
NP_002011.1,FLT4,FLT4,9.7,95,10001,10001,10001,10001,95,50,50,10001,1900,10001
NP_002022.1,FRK,FRK,99,2700,10001,10001,10001,1.4,510,1800,530,10001,3800,10001
NP_694592.1,FYN,FYN,2800,630,10001,10001,10001,11,8400,2600,520,10001,530,2100
NP_005246.2,GAK,GAK,10001,10001,10001,10001,10001,1.3,10001,44,20,1400,3200,10001
NP_001013725.2,EIF2AK4,"GCN2(Kin.Dom.2,S808G)",4400,2000,10001,4100,10001,270,10001,470,180,10001,1900,10001
NP_002920.1,GRK1,GRK1,10001,1000,10001,10001,10001,10001,10001,1100,290,10001,10001,10001
NP_892027.2,GRK4,GRK4,10001,17,10001,2800,10001,4900,10001,370,140,6200,400,10001
NP_631948.1,GRK7,GRK7,10001,1200,10001,7500,10001,1700,10001,470,180,10001,10001,10001
NP_063937.2,GSK3A,GSK3A,10001,430,10001,10001,10001,10001,10001,10001,10001,10001,10001,10001
NP_002084.2,GSK3B,GSK3B,10001,83,10001,10001,10001,10001,10001,10001,10001,10001,10001,10001
NP_002101.2,HCK,HCK,8600,5300,10001,10001,10001,3.4,8500,2200,880,10001,6200,10001
NP_689909.2,HIPK1,HIPK1,10001,1300,10001,10001,3300,520,3300,970,55,10001,10001,10001
NP_073577.3,HIPK2,HIPK2,10001,790,10001,10001,290,1900,1700,92,31,10001,10001,10001
NP_005725.3,HIPK3,HIPK3,10001,850,10001,10001,310,3200,440,83,41,10001,10001,10001
NP_653286.2,HIPK4,HIPK4,10001,1200,10001,10001,10001,130,3.3,970,160,10001,10001,10001
NP_001036065.1,MAP4K1,HPK1,10001,35,10001,10001,10001,15,4800,15,16,10001,72,10001
NP_055401.1,HUNK,HUNK,10001,10001,10001,10001,10001,5000,10001,3.7,500,10001,9800,10001
NP_055735.1,ICK,ICK,10001,1700,10001,10001,10001,10001,10001,1200,470,10001,10001,10001
NP_000866.1,IGF1R,IGF1R,10001,62,10001,10001,10001,10001,10001,10001,2600,10001,740,10001
NP_001269.3,CHUK,IKK-alpha,10001,4500,10001,10001,1700,10001,10001,670,520,10001,10001,10001
NP_001547.1,IKBKB,IKK-beta,10001,10001,10001,10001,10001,10001,10001,5300,10001,10001,10001,10001
NP_054721.1,IKBKE,IKK-epsilon,10001,170,10001,10001,10001,53,10001,480,620,10001,2600,10001
NP_000199.2,INSR,INSR,10001,24,10001,10001,10001,10001,10001,1200,500,10001,630,10001
NP_055030.1,INSRR,INSRR,10001,21,10001,10001,10001,10001,10001,2000,430,10001,290,10001
NP_001560.2,IRAK1,IRAK1,10001,120,10001,6400,10001,600,10001,26,14,10001,10001,10001
NP_009130.1,IRAK3,IRAK3,10001,5300,10001,3500,10001,10001,10001,1900,940,10001,10001,10001
NP_057207.2,IRAK4,IRAK4,10001,810,10001,10001,10001,360,10001,82,66,10001,3700,10001
NP_005537.3,ITK,ITK,10001,210,10001,10001,10001,1700,10001,190,13,10001,350,10001
NP_002218.2,JAK1,JAK1(JH1domain-catalytic),5200,2500,10001,10001,10001,10001,10001,5900,6000,10001,5900,10001
NP_002218.1,JAK1,JAK1(JH2domain-pseudokinase),10001,4.8,10001,10001,2000,10001,10001,97,49,690,10001,10001
NP_004963.1,JAK2,JAK2(JH1domain-catalytic),10001,14,10001,10001,10001,1100,10001,1600,410,10001,190,10001
NP_000206.2,JAK3,JAK3(JH1domain-catalytic),10001,8.2,10001,10001,10001,1200,7300,580,1200,10001,630,10001
NP_002741.1,MAPK8,JNK1,10001,630,10001,10001,10001,10001,10001,10001,10001,10001,10001,10001
NP_620707.1,MAPK9,JNK2,10001,10001,10001,10001,10001,10001,7400,3300,2400,10001,10001,10001
NP_002744.1,MAPK10,JNK3,10001,270,10001,10001,10001,10001,10001,3600,4300,10001,2800,10001
NP_000213.1,KIT,KIT,3.7,5.7,10001,10001,10001,420,28,0.68,0.37,10001,240,10001
NP_000213.1,KIT,KIT(A829P),15,87,10001,7200,10001,270,20,54,43,10001,380,10001
NP_000213.1,KIT,KIT(D816H),180,310,10001,10001,10001,180,430,310,110,10001,1900,10001
NP_000213.1,KIT,KIT(D816V),410,47,10001,1600,10001,73,310,340,380,10001,290,10001
NP_000213.1,KIT,KIT(L576P),1.3,2.7,10001,10001,10001,520,25,0.29,1.3,10001,230,10001
NP_000213.1,KIT,KIT(V559D),3.2,6.3,10001,10001,10001,430,16,0.51,0.41,10001,240,10001
NP_000213.1,KIT,"KIT(V559D,T670I)",13,2.9,10001,10001,10001,10001,18,0.56,0.28,10001,430,10001
NP_000213.1,KIT,"KIT(V559D,V654A)",23,29,10001,10001,10001,130,240,0.25,0.21,10001,2300,10001
NP_004681.1,LATS1,LATS1,10001,420,10001,10001,10001,10001,10001,850,630,4500,5500,10001
NP_055387.1,LATS2,LATS2,10001,380,10001,10001,10001,10001,10001,430,460,1800,6500,10001
NP_005347.3,LCK,LCK,360,6.2,10001,10001,10001,0.59,2700,2300,230,3500,61,4600
NP_002305.1,LIMK1,LIMK1,10001,10001,10001,10001,10001,10001,1600,10001,10001,10001,2600,10001
NP_005560.1,LIMK2,LIMK2,10001,10001,10001,10001,3500,10001,9600,10001,10001,10001,2600,10001
NP_000446.1,STK11,LKB1,10001,18,10001,10001,10001,10001,10001,360,38,10001,1300,10001
NP_005981.3,STK10,LOK,1100,87,10001,69,10001,7,150,230,19,10001,120,10001
NP_940980.3,LRRK2,LRRK2,10001,46,10001,10001,10001,500,10001,72,110,10001,10001,10001
NP_940980.3,LRRK2,LRRK2(G2019S),10001,37,10001,10001,10001,830,10001,70,76,10001,10001,10001
NP_996844.1,LTK,LTK,10001,150,10001,10001,10001,3000,10001,4200,1800,10001,7500,10001
NP_002341.1,LYN,LYN,160,940,10001,10001,10001,4.2,3000,810,270,10001,650,1700
NP_004712.1,MAP3K13,LZK,10001,140,10001,10001,10001,480,10001,540,95,10001,180,10001
NP_005897.1,MAK,MAK,10001,10001,10001,10001,10001,10001,10001,10001,10001,10001,10001,10001
NP_005912.1,MAP3K1,MAP3K1,10001,10001,10001,1500,10001,4400,10001,10001,10001,10001,10001,10001
NP_001001671.2,MAP3K15,MAP3K15,10001,1400,10001,10001,10001,10001,10001,1200,1300,10001,10001,10001
NP_006600.3,MAP3K2,MAP3K2,6900,9.4,10001,10001,10001,30,10001,73,57,10001,1100,10001
NP_002392.2,MAP3K3,MAP3K3,2100,34,10001,10001,10001,54,10001,300,220,10001,1900,10001
NP_005913.2,MAP3K4,MAP3K4,10001,10001,10001,10001,10001,110,10001,10001,4800,10001,2500,10001
NP_004570.2,MAP4K2,MAP4K2,10001,290,10001,3200,10001,3.1,10001,1700,33,10001,2600,10001
NP_003609.2,MAP4K3,MAP4K3,10001,290,10001,10001,10001,5.1,10001,210,180,10001,290,10001
NP_663719.1,MAP4K4,MAP4K4,5800,150,10001,10001,10001,8.2,4800,260,140,10001,2400,10001
NP_006566.2,MAP4K5,MAP4K5,10001,390,10001,10001,10001,0.5,1600,300,41,10001,83,10001
NP_116584.2,MAPKAPK2,MAPKAPK2,10001,10001,10001,10001,10001,10001,10001,10001,10001,10001,3800,10001
NP_003659.2,MAPKAPK5,MAPKAPK5,10001,10001,10001,10001,10001,10001,10001,2800,10001,10001,10001,10001
NP_061120.3,MARK1,MARK1,10001,1400,10001,10001,10001,10001,10001,1500,1200,10001,4900,10001
NP_059672.2,MARK2,MARK2,10001,1400,10001,10001,10001,10001,10001,440,310,10001,1400,10001
NP_002367.4,MARK3,MARK3,10001,770,10001,10001,10001,10001,10001,1100,410,10001,2500,10001
NP_113605.2,MARK4,MARK4,10001,2000,10001,10001,10001,10001,10001,2000,3600,10001,4900,10001
NP_055790.1,MAST1,MAST1,10001,4600,10001,10001,10001,350,10001,300,200,10001,10001,10001
NP_002746.1,MAP2K1,MEK1,10001,10,120,10001,10001,19,10001,77,130,10001,1800,10001
NP_109587.1,MAP2K2,MEK2,10001,42,370,10001,10001,9.9,10001,120,110,10001,2000,10001
NP_002747.2,MAP2K3,MEK3,10001,2100,10001,10001,10001,2600,10001,2200,1700,6600,10001,10001
NP_003001.1,MAP2K4,MEK4,10001,3700,10001,10001,10001,2600,10001,1400,700,4000,10001,10001
NP_660143.1,MAP2K5,MEK5,10001,1.8,10001,10001,10001,8.2,190,75,46,10001,260,10001
NP_002749.2,MAP2K6,MEK6,10001,10001,10001,10001,10001,1300,10001,5500,5200,10001,2600,10001
NP_055606.1,MELK,MELK,10001,4.9,10001,10001,10001,10001,10001,340,350,10001,240,10001
AAB60430.1,MERTK,MERTK,10001,8.5,10001,4600,10001,110,3600,66,26,10001,1700,10001
NP_000236.2,MET,MET,10001,200,10001,10001,10001,2200,10001,10001,7200,10001,670,10001
NP_000236.2,MET,MET(M1250T),10001,340,10001,10001,10001,6800,10001,3200,1200,10001,480,10001
NP_000236.2,MET,MET(Y1235D),10001,460,10001,10001,10001,3100,10001,10001,4700,10001,360,10001
NP_001020108.1,MINK1,MINK,10001,82,10001,10001,10001,3.2,10001,69,29,10001,1100,10001
NP_660186.1,MAP2K7,MKK7,10001,10001,10001,10001,10001,5300,10001,10001,10001,10001,10001,10001
NP_001129025.1,MKNK1,MKNK1,10001,10001,10001,10001,10001,10001,230,5100,3900,880,10001,10001
NP_060042.2,MKNK2,MKNK2,10001,10001,10001,10001,10001,10001,130,5500,5700,720,5200,10001
NP_872299.2,MYLK3,MLCK,10001,110,10001,10001,10001,10001,9600,42,23,10001,15,10001
NP_149132.2,MAP3K9,MLK1,10001,220,10001,3000,10001,2700,10001,2600,3400,10001,390,10001
NP_002437.2,MAP3K10,MLK2,10001,2300,10001,10001,10001,10001,10001,10001,10001,10001,1800,10001
NP_002410.1,MAP3K11,MLK3,10001,700,10001,10001,10001,2700,10001,1700,1300,10001,680,10001
NP_003598.2,CDC42BPA,MRCKA,10001,10001,10001,10001,1800,10001,10001,10001,10001,10001,10001,10001
NP_006026.3,CDC42BPB,MRCKB,10001,10001,10001,10001,10001,10001,10001,10001,10001,10001,10001,10001
NP_006273.1,STK4,MST1,10001,9,10001,10001,10001,190,10001,130,19,10001,200,10001
NP_002438.2,MST1R,MST1R,10001,10001,10001,10001,10001,6300,10001,10001,10001,10001,1300,10001
NP_006272.1,STK3,MST2,10001,38,10001,10001,10001,370,10001,65,56,10001,510,10001
NP_003567.2,STK24,MST3,10001,110,10001,10001,10001,380,10001,100,63,10001,3600,10001
NP_057626.2,MST4,MST4,10001,49,10001,10001,10001,37,10001,330,340,10001,3500,10001
NP_004949.1,FRAP1,MTOR,10001,10001,10001,10001,12,10001,10001,10001,10001,620,10001,10001
NP_005583.1,MUSK,MUSK,10001,590,10001,10001,10001,10001,130,100,490,10001,300,10001
NP_444254.3,MYLK,MYLK,10001,290,10001,10001,1500,490,10001,360,280,10001,10001,10001
NP_149109.1,MYLK2,MYLK2,10001,4000,10001,10001,10001,10001,5400,190,49,10001,43,10001
NP_001012418.1,MYLK4,MYLK4,10001,440,10001,10001,10001,10001,10001,32,15,10001,2200,10001
NP_059129.3,MYO3A,MYO3A,10001,10001,10001,10001,10001,6200,10001,1400,3100,10001,10001,10001
NP_001077084.1,MYO3B,MYO3B,10001,2700,10001,10001,10001,2300,7100,10001,4500,10001,10001,10001
NP_009202.1,STK38,NDR1,10001,10001,10001,10001,10001,10001,10001,700,410,10001,10001,10001
NP_055815.1,STK38L,NDR2,10001,10001,10001,10001,10001,10001,10001,2000,970,10001,6900,10001
NP_036356.1,NEK1,NEK1,10001,10001,10001,1800,10001,10001,10001,10001,10001,3800,10001,10001
NP_665917.1,NEK11,NEK11,10001,10001,10001,10001,10001,650,10001,10001,10001,10001,10001,10001
NP_002488.1,NEK2,NEK2,10001,10001,10001,260,10001,1600,10001,1100,1400,10001,10001,10001
NP_002489.1,NEK3,NEK3,10001,10001,10001,10001,10001,10001,10001,10001,10001,10001,10001,10001
NP_003148.2,NEK4,NEK4,10001,10001,10001,10001,10001,10001,10001,10001,10001,10001,10001,10001
NP_954983.1,NEK5,NEK5,10001,10001,10001,1100,10001,10001,10001,10001,10001,10001,4200,10001
NP_055212.2,NEK6,NEK6,10001,10001,10001,10001,10001,10001,10001,600,10001,10001,10001,10001
NP_598001.1,NEK7,NEK7,10001,10001,10001,10001,10001,10001,10001,3200,4100,10001,8700,10001
NP_149107.3,NEK9,NEK9,10001,10001,10001,1100,10001,10001,10001,10001,10001,10001,10001,10001
NP_699192.1,MGC42105,NIM1,10001,10001,10001,6400,10001,1500,10001,1100,850,10001,10001,10001
NP_057315.3,NLK,NLK,10001,10001,10001,10001,10001,2200,640,10001,10001,10001,10001,10001
NP_005100.1,OXSR1,OSR1,10001,1300,10001,10001,10001,10001,10001,1600,530,2500,10001,10001
NP_620581.1,MAPK14,p38-alpha,10001,10001,10001,10001,10001,10001,370,10001,10001,10001,10001,2.8
NP_002742.3,MAPK11,p38-beta,10001,10001,10001,10001,10001,10001,230,10001,10001,10001,10001,74
NP_002745.1,MAPK13,p38-delta,10001,10001,10001,10001,10001,10001,6600,10001,10001,10001,10001,10001
AAB40118.1,MAPK12,p38-gamma,10001,10001,10001,10001,10001,10001,7600,10001,10001,10001,10001,10001
NP_002567.3,PAK1,PAK1,10001,10001,10001,10001,10001,2300,10001,10001,10001,10001,4400,10001
NP_002568.2,PAK2,PAK2,10001,3300,10001,10001,10001,1900,10001,10001,10001,10001,5700,10001
NP_002569.1,PAK3,PAK3,10001,210,10001,10001,10001,5700,10001,190,16,10001,3300,10001
NP_001014834.1,PAK4,PAK4,10001,3000,10001,10001,10001,10001,10001,1200,2300,10001,4300,10001
NP_064553.1,PAK6,PAK6,10001,10001,10001,10001,10001,10001,10001,10001,2400,10001,9700,10001
NP_065074.1,PAK7,PAK7,10001,1300,10001,10001,10001,10001,10001,1300,640,10001,3300,10001
NP_006192.1,PCTK1,PCTK1,10001,21,10001,10001,10001,2400,10001,940,150,10001,230,10001
CAA47004.1,PCTK2,PCTK2,10001,93,10001,10001,10001,10001,1600,10001,1200,10001,5600,10001
NP_002587.2,PCTK3,PCTK3,10001,510,10001,10001,10001,10001,10001,3200,1700,10001,10001,10001
NP_006197.1,PDGFRA,PDGFRA,10,16,10001,10001,10001,5100,62,1.1,0.79,10001,1600,8800
NP_002600.1,PDGFRB,PDGFRB,9.1,15,3100,2900,10001,200,37,0.29,0.075,10001,310,8400
NP_002604.1,PDPK1,PDPK1,10001,2800,10001,10001,10001,10001,10001,2600,3500,10001,10001,10001
XP_001349680.1,PFB0815w,PFCDPK1(P.falciparum),10001,1200,10001,10001,10001,10001,220,10001,1300,10001,10001,10001
XP_001350280.1,MAL13P1.279,PFPK5(P.falciparum),10001,10001,10001,10001,10001,10001,10001,10001,10001,10001,10001,10001
NP_631897.1,PFTK2,PFTAIRE2,10001,10001,10001,10001,10001,1600,2900,10001,10001,10001,10001,10001
NP_036527.1,PFTK1,PFTK1,10001,470,10001,10001,10001,1400,2900,1100,270,10001,10001,10001
NP_006204.1,PHKG1,PHKG1,10001,140,10001,10001,10001,340,10001,83,5.5,10001,2200,10001
NP_000285.1,PHKG2,PHKG2,10001,260,10001,10001,10001,1300,10001,100,5.9,10001,4400,10001
NP_002637.2,PIK3C2B,PIK3C2B,10001,10001,10001,2800,10,10001,10001,10001,10001,7.3,10001,10001
NP_004561.2,PIK3C2G,PIK3C2G,10001,10001,10001,10001,41,10001,10001,10001,10001,3.2,10001,10001
NP_006209.2,PIK3CA,PIK3CA,10001,10001,10001,10001,1.5,10001,10001,10001,10001,59,10001,10001
NP_006209.2,PIK3CA,PIK3CA(C420R),10001,10001,10001,10001,1.3,10001,10001,10001,10001,98,10001,10001
NP_006209.2,PIK3CA,PIK3CA(E542K),10001,10001,10001,10001,1.4,10001,10001,10001,10001,83,10001,10001
NP_006209.2,PIK3CA,PIK3CA(E545A),10001,10001,10001,10001,1.5,10001,10001,10001,10001,83,10001,10001
NP_006209.2,PIK3CA,PIK3CA(E545K),10001,10001,10001,10001,1.5,10001,10001,10001,10001,72,10001,10001
NP_006209.2,PIK3CA,PIK3CA(H1047L),10001,10001,10001,10001,3.2,10001,10001,10001,10001,300,10001,10001
NP_006209.2,PIK3CA,PIK3CA(H1047Y),10001,10001,10001,10001,3.4,10001,10001,10001,10001,150,10001,10001
NP_006209.2,PIK3CA,PIK3CA(I800L),10001,10001,10001,10001,2.9,10001,10001,10001,10001,140,10001,10001
NP_006209.2,PIK3CA,PIK3CA(M1043I),10001,10001,10001,10001,3,10001,10001,10001,10001,300,10001,10001
NP_006209.2,PIK3CA,PIK3CA(Q546K),10001,10001,10001,10001,1.5,10001,10001,10001,10001,86,10001,10001
NP_006210.1,PIK3CB,PIK3CB,10001,10001,10001,2000,1.7,10001,10001,10001,10001,80,10001,10001
NP_005017.2,PIK3CD,PIK3CD,10001,10001,10001,3100,17,10001,10001,10001,10001,250,10001,10001
NP_002640.2,PIK3CG,PIK3CG,10001,10001,10001,1900,16,10001,10001,10001,10001,5.3,10001,10001
NP_002642.1,PI4KB,PIK4CB,10001,10001,10001,10001,3500,10001,10001,10001,10001,430,10001,10001
NP_002639.1,PIM1,PIM1,10001,10001,10001,250,10001,10001,10001,10001,10001,10001,10001,10001
NP_006866.2,PIM2,PIM2,10001,10001,10001,10001,10001,10001,10001,10001,10001,10001,10001,10001
NP_001001852.1,PIM3,PIM3,10001,10001,10001,1100,10001,10001,10001,2400,2400,10001,10001,10001
NP_001129110.1,PIP5K1A,PIP5K1A,10001,49,10001,770,10001,3300,10001,130,5400,1800,130,10001
NP_036530.1,PIP5K1C,PIP5K1C,10001,10001,10001,6700,10001,10001,10001,10001,10001,310,10001,10001
NP_003550.1,PIP4K2B,PIP5K2B,10001,17,10001,4500,10001,10001,10001,260,39,7800,140,10001
NP_079055.2,PIP4K2C,PIP5K2C,10001,10001,10001,10001,620,10001,10001,10001,10001,530,10001,10001
NP_002721.1,PRKACA,PKAC-alpha,10001,10001,10001,10001,10001,10001,10001,10001,10001,10001,10001,10001
NP_002722.1,PRKACB,PKAC-beta,10001,10001,10001,10001,10001,10001,10001,10001,10001,10001,10001,10001
NP_872629.1,PKMYT1,PKMYT1,10001,10001,10001,10001,10001,350,10001,10001,10001,10001,10001,10001
NP_998725.1,PKN1,PKN1,10001,740,10001,10001,10001,2900,10001,1900,710,10001,1500,10001
NP_006247.1,PKN2,PKN2,10001,1400,10001,620,10001,3200,10001,3800,1300,10001,5000,10001
NP_214528.1,pknB,PKNB(M.tuberculosis),10001,3.6,10001,10001,10001,5500,10001,320,87,10001,2200,10001
NP_005021.2,PLK1,PLK1,10001,10001,10001,0.094,10001,1800,10001,10001,10001,10001,10001,10001
NP_006613.2,PLK2,PLK2,10001,10001,10001,500,10001,960,10001,10001,4700,10001,10001,10001
NP_004064.2,PLK3,PLK3,10001,10001,10001,740,10001,10001,10001,10001,10001,10001,10001,10001
NP_055079.2,PLK4,PLK4,10001,53,10001,10001,10001,10001,4500,180,190,10001,9.2,10001
NP_006245.2,PRKCD,PRKCD,10001,10001,10001,3000,10001,1600,10001,10001,10001,10001,10001,10001
NP_005391.1,PRKCE,PRKCE,10001,10001,10001,10001,10001,2400,10001,10001,10001,10001,10001,10001
NP_006246.2,PRKCH,PRKCH,10001,10001,10001,10001,10001,10001,10001,10001,10001,10001,10001,10001
NP_002731.3,PRKCI,PRKCI,10001,10001,10001,5800,10001,10001,10001,10001,10001,10001,10001,10001
NP_006248.1,PRKCQ,PRKCQ,10001,5500,10001,10001,10001,910,10001,7200,4300,10001,5300,10001
NP_002733.2,PRKD1,PRKD1,10001,990,10001,10001,10001,10001,10001,2400,310,10001,10001,10001
NP_057541.2,PRKD2,PRKD2,10001,720,10001,10001,10001,10001,10001,3700,380,10001,10001,10001
NP_005804.1,PRKD3,PRKD3,10001,640,10001,1900,10001,4600,10001,2700,280,900,10001,10001
NP_006249.1,PRKG1,PRKG1,10001,14,10001,10001,10001,10001,10001,10001,10001,10001,10001,10001
NP_006250.1,PRKG2,PRKG2,10001,10001,10001,10001,10001,10001,10001,10001,10001,10001,10001,10001
NP_002750.1,EIF2AK2,PRKR,10001,10001,10001,10001,10001,10001,10001,1300,670,10001,10001,10001
NP_005035.1,PRKX,PRKX,10001,10001,10001,10001,10001,10001,10001,10001,10001,10001,10001,10001
NP_003904.3,PRPF4B,PRP4,10001,8.4,10001,10001,10001,10001,10001,1300,390,10001,2500,10001
NP_775267.1,PTK2B,PYK2,10001,81,10001,10001,10001,390,10001,600,82,10001,2600,10001
BAA76843.2,KIAA0999,QSK,10001,10001,10001,10001,10001,64,10001,10001,10001,10001,10001,10001
NP_002871.1,RAF1,RAF1,880,10001,10001,10001,3700,10001,230,10001,10001,10001,10001,10001
NP_065681.1,RET,RET,14,31,10001,10001,10001,4800,13,37,13,10001,28,10001
NP_065681.1,RET,RET(M918T),20,30,10001,10001,10001,3800,7.4,24,19,10001,26,10001
NP_065681.1,RET,RET(V804L),10001,9.8,10001,10001,10001,10001,39,18,8.7,10001,8.6,10001
NP_065681.1,RET,RET(V804M),10001,9.6,10001,10001,10001,4200,22,14,5.8,10001,13,10001
NP_113668.2,RIOK1,RIOK1,10001,23,10001,3400,10001,2200,10001,590,35,5800,360,10001
NP_060813.1,RIOK2,RIOK2,10001,10001,10001,10001,770,10001,10001,140,49,1500,250,10001
NP_003822.2,RIOK3,RIOK3,10001,36,10001,2300,10001,1600,10001,9700,3800,10001,600,10001
NP_003795.2,RIPK1,RIPK1,10001,240,10001,10001,10001,10001,10001,1200,370,10001,20,10001
NP_003812.1,RIPK2,RIPK2,9300,10001,10001,10001,10001,3700,1300,10001,10001,500,10001,10001
NP_065690.2,RIPK4,RIPK4,10001,440,10001,10001,10001,10001,10001,10001,2100,97,300,10001
Q6XUX3.1,DSTKY,RIPK5,10001,10001,10001,10001,10001,380,10001,930,1300,10001,10001,10001
NP_005397.1,ROCK1,ROCK1,10001,10001,10001,4900,10001,870,10001,1200,460,10001,10001,10001
NP_004841.2,ROCK2,ROCK2,10001,10001,10001,10001,10001,360,10001,660,140,10001,10001,10001
NP_002935.2,ROS1,ROS1,10001,3700,10001,10001,10001,10001,10001,10001,10001,10001,610,10001
NP_001006945.1,RPS6KA4,RPS6KA4(Kin.Dom.1-N-terminal),10001,620,10001,10001,10001,10001,10001,200,96,10001,10001,10001
NP_003933.1,RPS6KA4,RPS6KA4(Kin.Dom.2-C-terminal),10001,10001,10001,740,10001,10001,10001,2000,2000,10001,10001,10001
NP_872198.1,RPS6KA5,RPS6KA5(Kin.Dom.1-N-terminal),10001,200,10001,10001,10001,10001,10001,150,28,10001,10001,10001
NP_004746.2,RPS6KA5,RPS6KA5(Kin.Dom.2-C-terminal),10001,10001,10001,10001,10001,10001,10001,1500,1700,10001,10001,10001
NP_002944.2,RPS6KA1,RSK1(Kin.Dom.1-N-terminal),10001,180,10001,10001,10001,10001,10001,180,140,10001,7900,10001
NP_002944.2,RPS6KA1,RSK1(Kin.Dom.2-C-terminal),10001,10001,10001,10001,10001,10001,10001,5800,5000,220,10001,10001
NP_004577.1,RPS6KA3,RSK2(Kin.Dom.1-N-terminal),10001,65,10001,190,10001,1200,10001,2100,580,10001,6400,10001
NP_066958.2,RPS6KA2,RSK3(Kin.Dom.1-N-terminal),10001,58,10001,1200,10001,3200,10001,260,17,10001,2000,10001
NP_001006933.1,RPS6KA2,RSK3(Kin.Dom.2-C-terminal),10001,10001,10001,10001,10001,10001,10001,9600,8400,10001,10001,10001
NP_055311.1,RPS6KA6,RSK4(Kin.Dom.1-N-terminal),10001,230,10001,350,10001,2700,10001,3100,2400,10001,10001,10001
NP_055311.1,RPS6KA6,RSK4(Kin.Dom.2-C-terminal),10001,10001,10001,10001,10001,10001,7500,10001,10001,970,10001,10001
NP_003152.1,RPS6KB1,S6K1,10001,190,10001,10001,10001,660,10001,150,48,10001,10001,10001
NP_001019572.1,SBK1,SBK1,10001,110,10001,10001,10001,10001,10001,620,200,10001,10001,10001
P0C264,SgK110,SgK110,10001,2000,10001,10001,10001,10001,10001,5000,1900,10001,530,10001
NP_037389.4,SGK3,SGK3,10001,1000,10001,10001,10001,10001,10001,250,220,10001,10001,10001
NP_775490.2,SIK1,SIK,10001,670,10001,10001,10001,30,10001,2700,3200,10001,2500,10001
NP_056006.1,SIK2,SIK2,10001,280,10001,10001,10001,29,10001,750,580,10001,1700,10001
NP_055535.2,SLK,SLK,1300,51,10001,1100,10001,4.7,1000,460,56,10001,82,10001
NP_112214.1,NUAK2,SNARK,10001,21,10001,23,10001,220,10001,400,150,10001,530,10001
NP_060189.3,SNRK,SNRK,10001,10001,10001,10001,10001,10001,10001,1500,640,10001,10001,10001
NP_005408.1,SRC,SRC,10001,580,10001,10001,10001,1,10001,4900,2100,10001,170,5500
NP_543013.1,SRMS,SRMS,10001,10001,10001,10001,10001,100,9800,62,10001,10001,10001,10001
NP_003128.3,SRPK1,SRPK1,10001,37,10001,10001,10001,10001,10001,4000,250,5200,82,10001
AAC05299.1,SRPK2,SRPK2,10001,36,10001,10001,10001,10001,10001,200,190,10001,680,10001
NP_055185.2,SRPK3,SRPK3,10001,12,10001,7600,10001,3900,10001,120,59,9300,240,10001
CAA06700.1,STK16,STK16,10001,18,10001,10001,10001,10001,10001,730,250,540,610,10001
NP_112168.1,STK33,STK33,10001,1100,10001,10001,10001,37,2400,130,17,10001,10001,10001
NP_543026.1,STK35,STK35,5400,810,10001,10001,10001,2,10001,8.2,1300,10001,10001,10001
NP_056505.1,STK36,STK36,10001,10001,10001,10001,10001,570,3800,10001,10001,10001,10001,10001
NP_037365.2,STK39,STK39,10001,520,10001,10001,10001,3700,10001,430,140,10001,10001,10001
NP_003168.2,SYK,SYK,10001,10001,10001,10001,10001,290,10001,10001,10001,10001,1800,10001
NP_663304.1,MAP3K7,TAK1,1300,4.1,10001,10001,10001,100,690,100,93,2300,2300,10001
NP_065842.1,TAOK1,TAOK1,10001,10001,10001,10001,10001,1300,3100,1200,890,480,290,10001
NP_057235.2,TAOK2,TAOK2,10001,10001,10001,10001,10001,1900,540,10001,10001,10001,430,10001
NP_057365.2,TAOK3,TAOK3,10001,10001,10001,1400,10001,340,2700,310,210,2400,81,10001
NP_037386.1,TBK1,TBK1,10001,150,10001,10001,10001,250,10001,160,120,10001,490,10001
NP_003206.1,TEC,TEC,10001,10001,10001,10001,10001,3200,10001,10001,10001,10001,8700,10001
NP_006276.2,TESK1,TESK1,10001,10001,10001,10001,10001,10001,10001,10001,10001,10001,5600,10001
NP_004603.1,TGFBR1,TGFBR1,10001,4200,10001,10001,10001,10001,10001,10001,10001,10001,8400,10001
NP_003233.4,TGFBR2,TGFBR2,10001,10001,10001,10001,10001,10001,6900,10001,10001,10001,10001,10001
NP_005415.1,TIE1,TIE1,10001,2200,10001,1400,10001,2900,68,5700,3900,10001,270,10001
NP_000450.2,TEK,TIE2,10001,1400,10001,10001,10001,3900,2100,10001,10001,10001,450,10001
NP_036422.3,TLK1,TLK1,10001,10001,10001,10001,10001,570,10001,630,740,10001,4000,10001
AAF03095.1,TLK2,TLK2,10001,10001,10001,10001,10001,2100,10001,270,330,10001,10001,10001
NP_055843.1,TNIK,TNIK,10001,53,10001,10001,10001,31,7900,90,25,10001,1800,10001
NP_003976.2,TNK1,TNK1,10001,210,10001,10001,10001,10001,2300,1500,680,10001,83,10001
NP_001010938.1,TNK2,TNK2,10001,1600,10001,10001,10001,29,10001,4900,8900,10001,4400,10001
NP_057062.1,TNNI3K,TNNI3K,220,10001,10001,10001,10001,170,280,10001,10001,1400,10001,10001
NP_001012331.1,NTRK1,TRKA,10001,4.5,10001,10001,10001,3100,6300,480,100,10001,38,10001
NP_006171.2,NTRK2,TRKB,10001,19,10001,10001,10001,1200,2100,990,590,10001,240,10001
AAA75374.1,NTRK3,TRKC,10001,32,10001,10001,10001,3400,600,220,5100,10001,200,10001
NP_060132.3,TRPM6,TRPM6,10001,10001,10001,10001,10001,10001,10001,10001,10001,7.9,10001,10001
NP_114417.1,TSSK1B,TSSK1B,10001,6100,10001,10001,10001,4600,10001,10001,6300,10001,10001,10001
NP_003309.2,TTK,TTK,10001,22,10001,10001,10001,10001,3500,180,63,7700,8100,10001
NP_003319.2,TXK,TXK,10001,860,10001,10001,10001,72,10001,10001,10001,10001,2700,10001
NP_003322.2,TYK2,TYK2(JH1domain-catalytic),10001,37,10001,10001,10001,6500,10001,5100,1600,10001,510,10001
NP_003322.3,TYK2,TYK2(JH2domain-pseudokinase),10001,500,10001,10001,5900,4500,10001,760,360,770,6600,10001
NP_006284.2,TYRO3,TYRO3,10001,4900,10001,10001,10001,61,10001,2400,49,10001,10001,10001
NP_003556.1,ULK1,ULK1,10001,340,10001,10001,10001,1200,10001,82,23,10001,10001,10001
NP_055498.2,ULK2,ULK2,10001,380,10001,1400,10001,450,10001,65,13,10001,10001,10001
NP_001092906.1,ULK3,ULK3,10001,60,10001,10001,10001,460,10001,42,42,10001,310,10001
NP_002244.1,KDR,VEGFR2,26,2.9,10001,10001,10001,10001,59,2.3,1.5,10001,2000,10001
NP_006287.2,VRK2,VRK2,10001,10001,10001,10001,10001,710,10001,10001,10001,10001,10001,10001
NP_003381.1,WEE1,WEE1,10001,2900,10001,10001,10001,510,10001,3000,1100,10001,3200,10001
P0C1S8,WEE2,WEE2,10001,10001,10001,10001,10001,94,10001,10001,10001,10001,4200,10001
NP_001106195.1,STK32A,YANK1,10001,10001,10001,10001,10001,1800,10001,10001,10001,10001,10001,10001
NP_060871.1,STK32B,YANK2,10001,10001,10001,10001,10001,10001,10001,10001,10001,10001,10001,10001
NP_775846.2,STK32C,YANK3,10001,10001,10001,10001,10001,10001,10001,10001,10001,10001,10001,10001
NP_005424.1,YES1,YES,5000,80,10001,10001,10001,4,10001,260,120,10001,470,1600
NP_006365.2,STK25,YSK1,10001,10001,10001,10001,10001,900,10001,360,290,10001,4800,10001
NP_079328.3,YSK4,YSK4,200,5.2,10001,2800,930,16,99,12,17,4000,51,10001
NP_598407.1,ZAK,ZAK,8,10001,10001,10001,10001,80,6.3,10001,10001,10001,2800,10001
NP_997402.1,ZAP70,ZAP70,10001,3500,10001,10001,10001,1600,10001,10001,10001,10001,10001,10001
