Accession Number,Entrez Gene Symbol,Kinase,A-674563,AB-1010,ABT-869,AC220,AG-013736,AST-487,AT-7519,AZD-1152HQPA,AZD-2171,AZD-6244/ARRY-886,BI-2536,BIBW-2992,BIRB-796,BMS-345541,BMS-387032/SNS-032,BMS-540215,CEP-701,CHIR-258/TKI-258,CHIR-265/RAF-265,CI-1033,CP-690550,Crizotinib,Dasatinib,Erlotinib,EXEL-2880/GSK-1363089,Flavopiridol,GDC-0879,GDC-0941,Gefitinib,GSK-1838705A,GSK-690693,GW-2580,HKI-272,Imatinib,INCB18424,JNJ-28312141,Ki-20227,KW-2449,Lapatinib,LY-317615,LY-333531,MLN-120B,MLN-518,MLN-8054,Nilotinib,Pazopanib,PD-173955,PHA-665752,PKC-412,PLX-4720,PP-242,PTK-787,R406,R547,SB-203580,SGX-523,Staurosporine,TAE-684,TG-101348,Vandetanib
NP_055726.3,AAK1,AAK1,43,0,0,0,1200,0,0,3000,0,0,2800,0,0,0,0,0,3.1,170,0,0,0,2300,0,1200,0,5300,0,9100,0,0,0,0,0,0,120,520,0,48,0,2700,900,0,0,0,0,2900,0,320,48,0,1600,0,410,0,0,0,1.2,470,35,0
NP_005148.2,ABL1,ABL1(E255K)-phosphorylated,0,140,0,0,63,75,0,9600,65,0,5900,420,0,0,0,580,840,75,0,30,0,170,0.047,63,150,1600,0,0,400,0,0,0,0,170,2200,370,1200,36,0,0,0,0,0,1900,36,800,0.55,770,0,4500,56,0,220,0,0,0,22,190,40,13
NP_005148.2,ABL1,ABL1(F317I)-nonphosphorylated,0,8,0,0,2600,1.9,0,3800,2800,0,0,2900,4900,0,0,0,0,0,7800,3200,0,2700,0.1,8200,40,0,0,0,0,0,0,0,0,8.3,0,8600,940,1600,0,0,0,0,0,0,18,0,5,0,0,1300,0,0,0,0,0,0,550,93,2100,770
NP_005148.2,ABL1,ABL1(F317I)-phosphorylated,0,78,0,0,800,13,0,4600,1300,0,0,750,0,0,0,0,4900,4500,0,1000,0,3200,0.041,1100,250,5900,0,0,4700,0,0,0,0,580,0,4500,1300,530,0,0,0,0,0,0,56,0,5.3,0,0,5000,1200,0,0,0,0,0,130,14,560,170
NP_005148.2,ABL1,ABL1(F317L)-nonphosphorylated,0,10,0,0,830,0.77,0,1400,390,0,0,580,1300,0,0,4100,7600,1500,2400,1500,0,610,0.032,640,20,2500,0,0,2700,0,0,0,0,2.5,9500,2500,340,360,0,0,0,0,0,0,12,4400,3.2,0,0,940,0,0,0,0,0,0,170,54,450,75
NP_005148.2,ABL1,ABL1(F317L)-phosphorylated,0,110,0,0,330,13,0,2300,280,0,2400,230,0,0,0,2300,2200,1100,0,91,0,590,0.019,150,170,890,0,0,780,0,0,0,0,110,2200,1200,1000,94,0,0,0,0,0,0,14,2700,2.5,2900,0,5700,240,0,0,0,0,0,46,19,180,33
NP_005148.2,ABL1,ABL1(H396P)-nonphosphorylated,0,11,0,0,20,2.6,0,1200,39,0,2000,500,3300,0,0,390,1000,42,920,46,4500,33,0.025,89,10,1200,3200,0,680,0,0,0,0,5.9,1100,280,140,17,0,0,0,0,0,510,4.9,380,0.63,0,3100,510,49,0,170,0,2600,3400,18,73,45,9.8
NP_005148.2,ABL1,ABL1(H396P)-phosphorylated,0,140,0,0,23,31,0,0,45,0,2600,500,0,0,0,640,870,60,5600,57,6700,87,0.046,58,110,1700,0,0,460,0,0,0,0,65,0,440,620,24,0,0,0,0,0,940,21,700,1.4,9000,5600,5000,58,0,390,0,3900,0,36,160,61,14
NP_005148.2,ABL1,ABL1(M351T)-phosphorylated,0,140,0,0,36,34,0,2200,56,0,0,1200,0,0,0,450,780,48,2000,38,0,97,0.016,66,36,1900,0,0,520,0,0,0,0,44,6200,230,430,19,0,0,0,0,0,750,15,560,0.52,1700,0,2600,60,0,390,0,0,0,52,95,50,15
NP_005148.2,ABL1,ABL1(Q252H)-nonphosphorylated,0,6,0,0,290,0.93,0,860,100,0,0,790,830,0,0,1500,2500,75,440,91,0,97,0.037,230,4,3100,0,0,1100,0,0,0,7100,1.8,2000,340,64,47,0,0,0,0,0,630,10,530,1.3,0,0,200,240,0,630,0,0,0,21,39,110,18
NP_005148.2,ABL1,ABL1(Q252H)-phosphorylated,0,4.6,0,0,200,31,0,6800,78,0,0,380,0,0,0,1200,830,58,7400,22,0,100,0.064,61,120,1200,0,0,230,0,0,0,6000,92,3500,230,1400,22,0,0,0,0,0,1300,21,530,0.93,9300,0,4000,75,0,430,0,0,0,11,70,54,16
NP_005148.2,ABL1,ABL1(T315I)-nonphosphorylated,0,0,4400,2600,3.6,2.8,0,1100,110,0,0,2600,59,0,0,1700,950,110,6100,690,0,12,890,620,18,0,0,0,0,0,0,0,0,0,0,930,0,12,0,0,0,0,0,1600,660,3800,2100,3800,4900,0,1000,0,670,0,0,0,8.4,52,240,150
NP_005148.2,ABL1,ABL1(T315I)-phosphorylated,0,0,0,0,1.5,25,0,4800,20,0,0,870,550,0,0,450,160,31,0,69,2200,10,120,59,310,0,0,0,0,0,0,0,0,0,0,180,0,5.9,0,0,0,0,0,2800,0,2100,480,3900,790,0,120,0,190,2800,0,0,2.9,5.4,65,20
NP_005148.2,ABL1,ABL1(Y253F)-phosphorylated,0,25,0,0,230,10,0,3800,55,0,0,830,8500,0,0,1100,910,46,2700,42,0,74,0.058,76,37,1600,0,0,360,0,0,0,0,130,0,350,430,36,0,0,0,0,0,1000,13,480,0.88,1200,0,1900,350,0,1800,0,0,0,23,100,56,9
NP_005148.2,ABL1,ABL1-nonphosphorylated,0,2.1,0,0,84,0.68,0,1500,100,0,0,1300,800,0,0,1100,3200,100,300,210,0,78,0.029,330,5.6,3400,0,0,2200,0,0,0,0,1.1,3700,670,95,63,0,0,0,0,0,1100,10,620,1.5,2600,0,460,150,0,530,0,0,0,37,200,180,48
NP_005148.2,ABL1,ABL1-phosphorylated,0,55,0,0,36,13,0,5500,78,0,3500,570,0,0,0,640,1000,54,3600,30,0,110,0.046,76,56,1500,0,0,480,0,0,0,0,21,0,390,320,75,0,0,0,0,0,890,13,650,0.58,8200,0,2300,69,0,340,0,0,0,22,170,44,16
NP_005149.3,ABL2,ABL2,0,110,0,0,70,3.4,0,0,730,0,0,0,1300,0,0,1800,6500,0,1900,870,0,460,0.17,200,27,0,0,0,1600,0,0,0,0,10,0,5300,950,250,0,0,0,0,0,3300,26,3000,0.69,6900,0,2700,1200,0,720,0,0,0,110,380,570,69
NP_001096.1,ACVR1,ACVR1,0,0,0,0,0,0,0,0,3400,0,0,0,0,0,0,0,75,0,0,1700,0,440,620,0,0,1900,0,0,0,0,0,0,0,0,0,390,0,140,0,0,0,0,2500,0,0,0,160,0,0,0,4,0,4800,0,0,0,470,29,150,150
NP_004293.1,ACVR1B,ACVR1B,0,0,0,0,0,0,0,0,1500,0,0,0,0,0,0,0,86,0,0,0,0,860,330,0,0,0,2400,0,0,0,0,0,0,0,0,10,0,0,0,0,0,0,0,0,0,0,96,0,0,0,58,0,1100,0,3000,0,680,97,6700,0
NP_001607.1,ACVR2A,ACVR2A,0,0,0,0,0,0,0,0,0,0,0,0,0,0,0,0,2500,0,0,0,0,0,210,0,0,3100,0,0,0,0,0,0,0,0,0,0,0,320,0,0,0,0,0,0,0,0,10,0,0,0,18,0,0,0,0,0,8900,2200,0,0
NP_001097.2,ACVR2B,ACVR2B,0,0,0,0,5200,1400,0,0,0,0,0,0,0,0,0,0,3800,0,0,0,0,0,570,0,0,2400,0,0,0,0,0,0,0,0,0,0,0,370,0,0,0,0,0,0,0,2400,9.1,0,0,3200,7.6,0,0,0,0,0,4600,4300,0,0
NP_000011.1,ACVRL1,ACVRL1,0,0,0,0,0,0,0,0,0,0,0,0,0,0,0,0,2200,0,0,0,0,0,460,0,0,4500,0,0,0,0,0,0,0,0,0,1900,0,0,0,0,0,0,0,0,0,0,69,0,0,0,2.9,0,0,0,0,0,0,57,2400,470
NP_064632.2,CABC1,ADCK3,0,0,0,0,0,0,0,0,0,0,0,0,0,0,0,0,0,0,0,1500,0,0,190,1900,0,0,0,0,0,0,0,0,0,0,0,0,0,0,0,0,0,0,0,0,0,0,910,0,0,0,3200,0,1100,0,0,0,0,1700,7000,4500
NP_079152.3,ADCK4,ADCK4,0,0,0,0,0,0,0,0,0,0,0,0,0,0,2900,0,0,0,0,3400,0,1100,0,2500,0,0,0,0,0,0,0,0,0,0,0,0,0,0,0,0,0,0,0,0,0,0,27,0,0,0,3500,0,64,0,3100,0,0,92,300,1700
NP_005154.2,AKT1,AKT1,76,0,0,0,0,0,0,0,0,0,0,0,0,0,0,0,4400,0,0,0,0,0,0,0,0,0,0,0,0,0,2.2,0,0,0,0,0,0,0,0,0,0,0,0,0,0,0,0,0,950,0,0,0,0,0,0,0,20,0,0,0
NP_001617.1,AKT2,AKT2,2900,0,0,0,0,0,0,0,0,0,0,0,0,0,0,0,2100,0,0,0,0,0,0,0,0,0,0,0,0,0,2.1,0,0,0,0,0,0,0,0,0,8700,0,0,0,0,0,0,0,780,0,0,0,0,0,0,0,44,0,0,0
NP_005456.1,AKT3,AKT3,180,0,0,0,0,0,0,0,0,0,0,0,0,0,0,0,6200,0,0,0,0,0,0,0,0,0,0,0,0,0,3,0,0,0,0,0,0,0,0,1000,1400,0,0,0,0,0,0,0,4400,0,2600,0,0,0,0,0,170,0,0,0
NP_004295.2,ALK,ALK,0,0,1600,0,0,1400,0,0,2300,0,160,0,0,0,0,0,71,3500,0,7700,0,3.3,0,1200,69,670,0,0,0,0.55,0,0,0,0,1500,840,0,660,0,0,0,0,0,0,0,2200,0,2700,270,0,1100,0,240,0,0,0,32,1.1,650,2100
BAA36547.1,PRKAA1,AMPK-alpha1,0,0,0,0,0,1400,0,0,0,0,0,0,0,0,8200,0,25,520,4500,0,0,2400,0,0,730,0,0,0,0,0,0,0,0,0,0,200,0,430,0,0,0,0,0,0,0,0,0,310,180,0,0,0,300,0,0,0,3.7,27,2400,3000
NP_006243.2,PRKAA2,AMPK-alpha2,0,0,0,0,0,0,0,0,0,0,0,0,0,0,0,0,56,820,0,0,0,0,0,0,1200,0,0,0,0,0,0,0,0,0,0,4.1,0,440,0,5000,0,0,0,0,0,0,0,770,460,0,0,0,750,0,0,0,12,49,4700,0
NP_848605.1,ANKK1,ANKK1,0,0,0,0,3600,630,0,1500,0,0,0,0,1000,0,0,0,32,79,0,0,0,780,0,0,1500,0,0,0,0,0,0,0,0,0,390,1400,0,82,0,0,0,0,0,0,0,0,0,0,0,0,2600,0,330,0,0,0,270,9400,4300,0
NP_055655.1,NUAK1,ARK5,0,0,0,0,0,0,0,0,0,0,0,0,0,0,0,0,3.7,240,0,0,0,0,0,0,0,0,0,0,0,0,420,0,1500,0,0,2300,0,0,0,0,1800,0,0,0,0,0,0,620,41,0,0,0,75,0,0,0,4.4,13,34,0
NP_005914.1,MAP3K5,ASK1,0,0,0,0,0,0,0,0,0,0,0,0,0,0,0,0,70,0,0,0,0,0,0,0,0,0,0,0,0,0,0,0,0,0,0,0,0,0,0,0,0,0,0,0,0,0,0,0,0,0,0,0,0,0,0,0,110,0,0,0
NP_004663.3,MAP3K6,ASK2,0,0,0,0,0,8000,0,0,0,0,0,0,0,0,0,0,170,0,0,0,0,0,0,0,0,0,0,0,0,0,0,0,0,0,0,8000,0,0,0,0,0,0,0,0,0,0,0,0,0,0,0,0,0,0,0,0,260,1800,0,0
NP_003591.2,AURKA,AURKA,0,0,1600,0,72,0,0,400,0,0,0,0,0,0,7400,0,16,0,0,0,0,260,9300,2200,440,0,0,0,0,0,0,0,0,0,0,0,2300,650,0,0,0,0,0,6.5,0,7100,0,0,120,0,0,0,160,0,0,0,17,44,4400,0
AAH00442.2,AURKB,AURKB,0,0,390,0,11,4400,0,4.6,3200,0,0,0,0,0,0,0,16,280,0,4200,0,76,0,1400,43,0,0,0,0,0,0,0,0,0,0,2900,160,88,0,0,0,0,1700,43,0,0,0,2000,62,2300,0,0,110,0,0,0,19,150,490,0
AAC77369.1,AURKC,AURKC,8400,0,71,0,1.3,740,0,4.4,2100,0,0,0,0,0,5000,0,4.1,1100,0,2800,0,4300,0,600,12,0,0,0,0,0,0,0,0,0,8700,3000,150,59,0,0,0,0,1600,26,0,750,5100,300,170,2500,0,0,41,0,0,0,23,33,350,1500
NP_001690.2,AXL,AXL,0,0,340,0,420,570,0,390,490,0,0,5300,0,0,0,0,35,3800,0,5700,0,7.8,0,4000,0.093,3500,0,0,1800,300,0,0,190,0,0,5.3,140,180,0,3300,0,0,6300,440,0,0,0,110,620,0,1200,0,82,0,0,0,6.8,12,160,250
NP_060063.2,BMP2K,BIKE,120,0,0,0,1000,0,0,0,0,0,0,0,0,0,0,0,16,54,0,3800,7100,740,0,1200,0,0,0,0,0,0,0,0,0,0,210,140,0,9.6,0,2900,430,0,0,0,0,8800,0,47,220,0,6000,0,1900,0,0,0,5.6,1900,32,0
NP_001706.2,BLK,BLK,0,150,0,0,3100,30,0,1500,120,0,0,220,680,0,0,2000,160,190,7900,45,0,110,0.21,190,5.4,0,0,0,1200,0,0,0,85,520,0,11,120,3500,0,0,0,0,0,68,500,2600,1.5,1900,500,1100,240,0,25,0,0,0,15,130,650,66
NP_004320.2,BMPR1A,BMPR1A,0,0,0,0,0,0,0,0,0,0,0,0,0,0,0,0,950,0,0,0,0,0,7000,0,0,0,0,0,0,0,0,0,0,0,0,0,0,1900,0,0,0,0,0,0,0,0,170,0,0,0,64,0,0,0,0,0,3700,170,0,0
NP_001194.1,BMPR1B,BMPR1B,0,0,710,0,2900,0,0,0,0,0,0,0,0,0,0,0,57,0,0,2600,0,230,53,0,0,450,1800,0,0,0,0,0,0,0,1800,370,2200,120,0,0,0,0,0,0,0,1000,4,0,0,3100,2.1,0,720,0,3300,0,170,0.85,410,240
NP_001195.2,BMPR2,BMPR2,0,0,7800,0,0,0,0,0,0,0,0,0,0,0,0,0,1500,3100,0,0,0,0,0,0,0,0,0,0,0,0,0,0,0,0,930,310,0,370,0,0,0,0,0,0,0,0,0,6200,0,0,89,0,0,0,0,0,2300,3900,2900,0
NP_001712.1,BMX,BMX,0,0,0,0,0,5700,0,0,0,0,0,0,0,0,0,0,200,0,0,2600,0,3600,1.4,0,200,0,0,0,0,0,0,0,0,0,0,780,0,1900,0,0,0,0,0,3100,0,0,32,0,0,0,670,0,180,0,0,0,170,1100,1200,0
NP_004324.2,BRAF,BRAF,0,0,0,0,0,1700,0,0,0,0,0,0,2700,0,1300,0,0,0,1200,0,0,0,500,0,3500,0,0.19,0,0,0,0,0,0,0,2200,0,0,0,0,0,0,0,0,0,1700,730,5.7,0,0,330,880,0,240,0,710,0,0,0,9800,0
NP_004324.2,BRAF,BRAF(V600E),0,1800,0,0,0,130,0,0,0,0,0,0,0,0,1600,0,0,0,330,0,0,0,570,0,2300,0,0.18,0,0,0,0,0,0,3300,4200,0,0,0,0,0,0,0,0,0,570,430,4.4,0,0,100,1600,0,380,0,530,0,0,0,9300,0
NP_005966.1,PTK6,BRK,0,0,0,0,0,0,0,0,560,0,0,0,0,0,0,0,1700,0,3600,3800,0,0,7.8,0,4.3,0,0,0,0,0,0,0,0,0,0,0,70,0,0,0,0,0,0,0,0,2300,48,0,0,48,1000,2400,360,0,3900,0,2300,36,1200,160
NP_115806.1,BRSK1,BRSK1,0,0,0,0,0,0,0,0,0,0,0,0,0,0,0,0,25,0,0,0,0,0,0,0,0,0,0,0,0,0,0,0,0,0,0,0,0,1900,0,0,0,0,0,0,0,0,3400,0,1200,0,14,0,0,0,0,0,26,310,0,0
NP_003948.2,BRSK2,BRSK2,0,0,0,0,0,0,0,0,0,0,0,0,0,0,5600,0,16,0,0,0,0,0,0,0,0,0,0,0,0,0,0,0,0,0,0,0,0,1200,0,0,0,0,0,0,0,0,8900,0,650,0,42,0,0,0,0,0,3.5,190,0,0
NP_000052.1,BTK,BTK,0,0,0,0,0,0,0,1200,4300,0,0,0,0,0,0,0,66,0,0,1600,0,7800,1.4,0,76,0,0,0,0,0,0,0,160,0,0,77,7400,1000,0,0,0,0,0,4200,0,0,220,0,0,0,3200,0,190,0,0,0,210,23,850,1700
NP_003647.1,CAMK1,CAMK1,0,0,0,0,0,3000,0,0,0,0,0,0,0,0,0,0,130,0,0,0,1200,0,0,0,5900,0,0,4700,0,0,0,0,0,0,470,0,0,1400,0,0,0,0,0,0,0,2100,0,2100,2000,1900,0,0,230,0,0,0,27,1100,1600,0
NP_065130.1,CAMK1D,CAMK1D,2400,0,0,0,0,4400,0,0,0,0,5400,0,0,0,0,0,47,0,0,0,1600,0,0,0,5300,0,0,0,0,0,2500,0,5600,0,120,6600,0,530,0,0,4500,0,0,0,0,0,0,1500,670,0,1500,0,200,0,0,0,1.1,230,460,0
NP_065172.1,CAMK1G,CAMK1G,0,0,0,0,0,0,0,0,0,0,0,0,0,0,0,0,470,0,0,0,0,0,0,0,0,0,0,6800,0,0,0,0,0,0,2200,6200,0,2100,0,0,0,0,0,0,0,3700,0,0,1800,0,0,0,460,0,0,0,23,3000,3200,0
NP_741960.1,CAMK2A,CAMK2A,320,0,0,0,0,0,0,0,0,0,1300,0,0,0,0,0,10,0,0,0,3500,0,0,0,0,1700,0,0,0,0,0,0,0,0,46,0,0,4000,0,0,4500,0,0,0,0,0,0,3400,20,0,5600,0,1100,2000,0,0,0.16,980,300,0
NP_001211.3,CAMK2B,CAMK2B,970,0,0,0,0,0,0,0,0,0,4200,0,0,0,0,0,59,0,0,0,0,0,0,0,0,4700,0,0,0,0,0,0,0,0,310,0,0,0,0,0,0,0,0,0,0,0,0,0,210,0,0,0,0,890,0,0,1.3,1900,6800,0
AAD20442.1,CAMK2D,CAMK2D,270,0,0,0,0,0,0,0,0,0,2400,0,0,0,0,0,8.8,0,0,0,2700,0,0,6400,0,1600,0,0,0,0,0,0,0,0,90,0,0,0,0,2800,4600,0,0,0,0,0,0,2900,36,0,0,0,3000,1400,0,0,0.32,570,590,0
NP_751913.1,CAMK2G,CAMK2G,890,0,0,0,0,0,0,0,0,0,1200,0,0,0,0,0,26,0,0,0,0,0,0,0,0,2600,0,0,0,0,0,0,0,0,100,0,0,0,0,0,7800,0,0,0,0,0,0,2000,140,0,0,0,920,1900,0,0,0.55,780,540,0
NP_001735.1,CAMK4,CAMK4,710,0,0,0,0,3700,0,0,0,0,0,0,0,0,0,0,3000,0,0,0,0,0,0,0,0,3200,0,0,0,470,370,0,0,0,0,0,0,0,0,0,0,0,0,0,0,0,0,0,0,0,0,0,0,0,0,0,41,30,0,0
NP_115670.1,CAMKK1,CAMKK1,810,0,0,0,1400,220,0,0,0,0,22,0,0,0,0,0,23,3100,0,0,0,0,0,0,550,79,0,0,0,0,0,0,0,0,0,2800,0,210,0,0,5000,0,0,0,0,0,0,64,130,0,0,0,0,0,0,0,0.039,50,1800,0
NP_006540.3,CAMKK2,CAMKK2,740,0,0,0,1500,220,2400,0,0,0,23,0,0,0,0,0,15,0,0,0,0,1500,0,0,4400,430,0,0,0,0,0,0,0,0,0,0,0,470,0,6700,2400,0,0,0,0,0,0,73,73,0,3800,0,0,1400,0,0,0.16,11,4000,0
NP_003679.2,CASK,CASK,0,0,0,0,0,0,24,0,0,0,0,0,0,0,400,0,330,0,0,0,0,140,0,0,0,0,0,0,0,0,0,0,0,0,1500,0,0,0,0,0,0,0,0,0,0,0,0,1700,0,0,1600,0,0,66,0,0,19,920,2800,0
NP_277023.1,CDC2L1,CDC2L1,0,0,1300,0,0,1400,8.4,1200,0,0,0,0,0,420,98,0,0,0,0,0,0,760,0,0,640,0,0,0,0,0,0,0,0,0,0,0,0,0,0,0,0,0,0,0,0,2100,0,0,0,0,0,0,0,2300,0,0,0,0,0,0
NP_076916.1,CDC2L2,CDC2L2,0,0,1200,0,0,1100,5.2,1000,0,0,0,0,0,390,48,0,0,0,0,0,0,420,0,0,480,0,0,0,0,0,0,0,0,0,0,0,0,0,0,0,0,0,0,0,0,1300,0,0,0,0,0,0,0,2900,0,0,0,0,0,0
NP_003709.3,CDC2L5,CDC2L5,3100,0,38,0,0,0.94,3.2,1100,0,0,0,0,1100,800,23,0,1000,0,0,0,0,0,0,0,210,430,0,0,0,0,0,0,0,0,0,0,0,0,0,0,0,0,0,0,0,0,0,0,0,0,0,0,0,110,0,0,70,0,0,0
NP_055891.1,CDC2L6,CDK11,1300,0,74,0,0,1.5,3300,0,0,0,0,0,200,0,950,0,0,0,5100,0,0,0,0,0,87,57,0,0,0,0,0,0,0,5500,0,0,0,0,0,0,0,0,0,0,0,0,0,0,7200,700,2500,1500,0,0,0,0,190,0,0,0
NP_001789.2,CDK2,CDK2,0,0,0,0,0,450,30,0,0,0,0,0,0,0,69,0,20,0,0,0,0,0,0,0,0,550,0,0,0,0,0,0,0,0,0,0,0,0,0,5000,0,0,0,0,0,0,0,0,0,0,0,0,0,0.53,0,0,7,5200,0,0
NP_001249.1,CDK3,CDK3,2700,0,0,0,0,140,60,0,0,0,0,0,0,0,56,0,420,0,0,0,0,0,0,0,0,410,0,0,0,0,0,0,0,0,0,0,0,0,0,1100,0,0,0,0,0,0,0,0,0,0,0,0,0,3.2,0,0,30,0,0,0
NP_000066.1,CDK4,CDK4-cyclinD1,0,0,0,0,0,1300,20,0,0,0,0,0,0,0,69,0,30,1200,0,0,0,0,0,0,0,9,0,0,0,0,0,0,0,0,0,5000,0,820,0,0,280,0,0,0,0,0,0,2500,0,0,7300,0,0,0.61,0,0,50,1400,5000,0
NP_000066.1,CDK4,CDK4-cyclinD3,0,0,0,0,0,630,12,0,0,0,1900,0,0,0,66,0,35,2900,0,0,0,0,0,0,0,3.3,0,0,0,0,0,0,0,0,0,0,0,730,0,0,280,0,0,0,0,0,0,380,0,0,8600,0,0,0.81,0,0,20,400,870,0
NP_004926.1,CDK5,CDK5,0,0,0,0,0,550,700,0,0,0,0,0,2000,0,740,0,410,0,0,0,0,0,0,0,0,110,0,0,0,0,0,0,0,0,0,0,0,0,0,0,0,0,0,0,0,0,0,0,0,0,0,0,0,7.4,0,0,84,1600,0,0
NP_001790.1,CDK7,CDK7,70,0,2900,0,0,4.6,2.8,6200,0,0,3500,0,3100,680,31,0,87,2600,0,0,0,330,0,0,3.7,23,0,0,610,0,0,0,5100,0,3300,0,0,190,0,2600,1700,0,3100,0,0,0,0,130,0,0,5500,0,7700,0.58,0,0,45,190,120,4100
NP_001251.1,CDK8,CDK8,3500,0,95,0,0,1.4,0,0,0,0,0,0,220,0,1200,0,8000,0,0,0,0,0,0,0,130,120,0,0,0,0,0,0,0,0,0,0,0,0,0,0,0,0,0,0,0,0,0,0,0,1900,6300,4500,0,0,0,0,510,0,0,0
NP_001252.1,CDK9,CDK9,180,0,3000,0,0,190,5.8,0,0,0,0,0,0,1900,76,0,530,0,0,0,0,0,0,0,1600,6.4,0,0,0,0,0,0,0,0,0,0,0,0,0,1300,0,0,0,0,0,0,0,1800,0,0,0,0,0,15,0,0,100,0,8800,0
NP_004187.2,CDKL1,CDKL1,0,0,0,0,0,13,0,0,0,0,0,0,0,0,0,0,490,0,0,0,0,0,0,0,0,0,0,0,0,0,0,0,0,0,0,0,0,0,0,0,0,0,0,0,0,0,0,0,0,0,0,0,2100,0,0,0,330,0,0,0
NP_003939.1,CDKL2,CDKL2,700,0,0,0,530,0.52,1000,1200,0,0,0,0,0,0,41,0,43,180,0,0,0,2100,0,0,240,0,0,0,0,0,0,0,0,0,0,0,0,1400,0,3400,0,0,2900,0,0,0,0,2400,0,0,0,0,5900,0,0,0,510,0,1300,0
NP_001107047.1,CDKL3,CDKL3,1100,0,0,0,0,3.9,0,0,0,0,0,0,0,0,1400,0,430,0,0,0,0,0,0,0,4400,0,0,0,0,0,0,0,0,0,0,0,0,0,0,0,0,0,0,0,0,0,0,0,0,0,0,0,0,0,0,0,5100,0,0,0
NP_003150.1,CDKL5,CDKL5,200,0,0,0,0,6.6,2.6,0,0,0,0,0,0,0,1.7,0,10,0,0,0,0,0,0,0,2700,7.1,0,0,0,0,0,0,0,0,0,0,0,0,0,0,4100,0,0,0,0,0,0,0,0,0,0,0,0,4000,0,0,340,0,7300,0
NP_001265.2,CHEK1,CHEK1,0,0,0,0,0,0,0,0,0,0,0,0,0,0,0,0,2.8,1200,0,0,0,0,0,0,0,0,0,0,0,0,0,0,5700,0,0,9.9,0,710,0,0,540,0,0,0,0,0,0,0,1300,0,0,0,2500,0,0,0,3.2,44,3800,0
NP_001005735.1,CHEK2,CHEK2,9800,0,0,0,0,360,0,1400,0,0,7700,0,0,0,0,0,210,0,0,0,0,0,0,0,57,0,0,0,800,280,5300,0,850,0,0,0,0,95,0,0,3700,0,0,0,0,0,0,0,0,0,2900,0,0,0,0,0,74,72,0,0
NP_009105.1,CIT,CIT,13,0,0,0,0,52,0,5700,0,0,5200,2900,2100,0,3900,0,85,8200,87,1300,0,0,0,680,3200,110,3500,0,1300,0,200,0,0,0,0,0,0,650,0,0,1400,0,0,0,0,0,0,0,0,0,0,8800,440,0,420,0,340,0,140,1800
AAA61480.1,CLK1,CLK1,1.4,0,8900,0,0,110,990,0,0,0,940,0,0,0,410,0,9.6,6800,0,0,0,0,0,0,550,1700,0,1100,0,21,0,0,0,4500,0,900,0,64,0,510,910,640,630,0,2100,0,0,730,350,6600,910,0,1200,66,0,0,32,12,2500,0
NP_003984.2,CLK2,CLK2,0.51,0,0,0,0,1800,1700,0,0,0,460,0,0,0,1100,0,44,1700,0,0,0,0,0,0,0,2200,0,600,0,16,730,0,0,0,460,940,0,93,0,430,420,2300,6500,3200,0,0,0,410,860,2600,1000,0,1600,80,0,0,8.2,82,2300,0
NP_003983.2,CLK3,CLK3,160,0,0,0,0,5500,370,0,0,0,630,0,0,0,0,0,0,0,0,0,0,0,0,0,0,1600,0,0,0,0,0,0,0,0,0,0,0,6200,0,0,0,0,6600,2300,0,0,0,3600,3600,0,0,0,1900,13,0,0,910,210,0,0
NP_065717.1,CLK4,CLK4,0.53,0,1600,0,0,290,7000,0,0,0,0,0,0,0,800,0,3,6500,0,0,0,0,0,0,850,0,0,1500,0,60,0,0,0,2100,1700,1300,0,49,0,1600,1900,1000,1600,0,7100,0,0,0,410,0,800,0,360,310,0,0,9.6,110,2000,0
NP_005202.2,CSF1R,CSF1R,0,7.6,3.4,10,21,5.8,0,1400,13,0,0,0,8100,0,0,1900,110,60,250,0,0,210,0.58,0,1.8,2800,0,0,0,0,0,2.2,670,11,0,3.2,0.83,120,0,0,0,0,4.9,0,45,7.9,0.67,700,330,2700,3300,45,31,0,0,0,12,48,620,1200
NP_004374.1,CSK,CSK,0,0,0,0,1100,2300,0,3800,0,0,0,0,0,0,0,0,260,0,0,6100,0,0,1,9600,120,0,0,0,0,0,0,0,550,0,0,0,2500,4400,0,0,0,0,0,9000,2400,0,60,0,8700,2200,2000,0,160,0,0,0,330,1800,5900,2500
NP_001883.4,CSNK1A1,CSNK1A1,2100,0,0,0,0,0,0,0,0,0,3100,0,0,0,1000,0,0,0,0,0,0,0,0,0,0,3100,0,0,0,0,0,0,0,0,1800,0,0,1200,0,0,0,0,0,0,0,0,0,0,0,0,360,0,0,0,75,0,970,0,0,0
NP_660204.1,CSNK1A1L,CSNK1A1L,4600,0,0,0,0,0,0,0,0,0,0,0,0,0,0,0,7100,0,0,0,0,0,0,0,0,2400,0,0,0,0,0,0,0,0,0,0,0,0,0,0,0,0,0,0,0,0,0,0,0,0,2000,0,0,0,1700,0,250,5200,0,0
NP_620693.1,CSNK1D,CSNK1D,210,0,0,0,0,2500,0,0,0,0,1500,0,0,0,1800,0,0,0,0,4600,0,0,0,3500,0,0,1400,1200,3200,3500,0,0,0,0,0,0,0,2300,0,0,0,0,0,0,0,0,0,4200,0,0,320,0,0,0,37,0,2400,0,0,0
NP_001885.1,CSNK1E,CSNK1E,120,0,0,0,0,4000,0,0,2800,0,380,1300,0,0,950,0,0,0,0,420,0,0,1500,500,4600,0,130,1200,430,780,0,0,290,0,0,0,520,630,0,0,0,0,0,0,0,0,0,860,0,0,31,0,0,0,100,0,73,0,0,3000
NP_071331.2,CSNK1G1,CSNK1G1,530,0,0,0,0,1000,0,0,0,0,4500,0,0,0,0,0,0,0,0,0,0,0,0,0,0,1200,0,0,0,0,0,0,0,0,0,0,0,1200,0,0,0,0,0,0,0,0,0,0,0,0,3900,0,0,0,0,0,3500,0,0,0
NP_001310.2,CSNK1G2,CSNK1G2,380,0,0,0,0,950,0,0,0,0,5700,0,0,0,0,0,0,0,0,0,0,0,0,0,0,0,0,0,0,0,0,0,6600,0,0,0,0,580,0,0,0,0,0,0,0,0,0,0,0,4100,3000,0,0,0,0,0,780,0,0,0
NP_004375.2,CSNK1G3,CSNK1G3,910,0,0,0,0,97,0,0,0,0,2400,0,0,0,0,0,0,0,0,0,0,0,0,0,0,0,0,0,0,0,0,0,7800,0,0,0,0,1200,0,0,0,0,0,0,0,0,0,0,0,0,2600,0,0,0,0,0,0,0,0,0
NP_001886.1,CSNK2A1,CSNK2A1,5500,0,0,0,0,0,0,0,0,0,0,0,0,0,0,0,2600,2600,0,0,0,0,0,0,0,0,0,0,0,2800,0,0,0,0,4200,0,0,1200,0,0,0,0,0,0,0,0,0,0,0,0,1200,0,64,0,0,0,940,0,920,0
NP_001887.1,CSNK2A2,CSNK2A2,3800,0,0,0,2800,0,0,0,0,0,0,0,0,0,0,0,970,200,0,0,0,0,0,0,2800,0,0,2400,0,0,0,0,0,0,3300,6200,0,230,0,0,6700,0,0,0,0,0,0,5600,0,0,940,0,14,0,0,0,230,9600,120,0
NP_002369.2,MATK,CTK,0,0,0,0,0,1300,0,0,0,0,0,0,0,0,0,0,970,0,0,0,0,0,0,0,0,0,0,0,0,0,0,0,0,0,0,0,0,3000,0,0,0,0,0,0,0,0,0,0,0,0,0,0,0,0,0,0,260,2800,1700,0
NP_004929.2,DAPK1,DAPK1,1600,0,0,0,0,0,0,0,0,0,540,0,0,0,0,0,80,0,0,0,0,0,0,0,0,0,0,4000,0,620,3000,0,0,0,72,5000,0,360,0,0,970,0,0,0,0,0,0,0,4700,0,97,0,55,0,0,0,1.4,1800,16,0
NP_055141.2,DAPK2,DAPK2,2500,0,0,0,0,0,0,0,0,0,930,0,0,0,0,0,63,0,0,0,0,0,0,0,0,0,0,0,0,1100,0,0,0,0,97,3400,0,1800,0,0,0,0,0,9100,0,0,0,0,890,0,94,0,62,0,0,0,1.6,870,29,0
NP_001339.1,DAPK3,DAPK3,1200,0,0,0,0,3200,0,0,0,0,130,0,0,0,0,0,82,0,0,0,0,0,0,6000,3100,0,0,1800,5700,1200,560,0,0,0,89,4700,0,310,0,0,8000,0,0,0,0,0,0,0,1800,0,41,0,13,0,0,0,1,2200,1.2,0
NP_004725.1,DCLK1,DCAMKL1,0,0,0,0,0,0,0,0,0,0,5900,0,0,0,1600,0,0,0,0,0,6700,330,0,0,0,2100,0,0,0,4100,2400,0,0,0,68,8300,0,2000,0,0,0,0,0,0,0,0,0,1400,0,8100,0,0,0,0,0,0,110,4.9,190,0
NP_001035351.3,DCLK2,DCAMKL2,0,0,0,0,0,0,2600,0,0,0,0,0,0,0,1000,0,4500,0,0,0,0,370,0,0,0,0,0,0,0,0,0,0,0,0,760,0,0,0,0,0,0,0,0,0,0,0,0,990,0,0,0,0,0,0,0,0,73,16,870,0
NP_208382.1,DCLK3,DCAMKL3,0,0,0,0,0,0,1100,0,0,0,0,0,0,1700,1600,0,1100,1300,0,0,12,0,0,0,0,1100,0,0,2900,0,110,0,0,0,260,0,0,86,0,0,0,0,0,0,0,0,0,4500,0,2500,820,0,600,620,0,0,17,14,13,0
NP_001945.3,DDR1,DDR1,0,8.7,58,81,340,0.69,0,1800,1.7,0,0,0,1.9,0,0,160,510,2500,13,400,0,510,0.69,790,0.2,0,0,0,0,0,0,0,0,0.7,0,9.4,12,3200,0,0,0,0,1400,4200,1.1,57,2.4,70,7200,2400,740,270,9.3,0,1000,0,19,140,1900,11
CAA52777.1,DDR2,DDR2,0,26,3800,1100,5300,11,0,6600,48,0,0,0,33,0,0,0,400,8600,960,0,0,0,3.2,0,3.6,0,0,0,0,0,0,0,0,15,0,100,88,2100,0,0,0,0,120,0,33,98,12,7600,0,4100,6100,0,43,0,5000,0,42,4100,950,320
NP_006292.2,MAP3K12,DLK,0,0,0,0,1700,2500,0,0,0,0,0,0,0,0,0,0,840,2100,0,0,0,170,0,0,22,0,0,0,0,0,0,0,370,0,0,330,0,67,0,0,0,0,0,0,0,0,0,670,0,0,0,0,0,0,0,0,1500,42,6300,0
NP_004400.4,DMPK,DMPK,92,0,0,0,0,0,1100,0,0,0,2900,0,0,0,0,0,240,0,0,7000,1200,1400,1300,2900,0,650,0,0,6900,0,0,0,0,0,3500,0,0,3800,0,2200,280,0,0,0,0,0,0,0,3800,0,140,0,0,610,0,0,3.5,2100,1000,0
NP_059995.2,CDC42BPG,DMPK2,460,0,8300,0,0,0,0,0,0,0,0,0,1200,0,0,0,2500,0,0,0,0,0,1200,3400,180,0,0,0,0,0,0,0,0,0,0,0,0,2100,0,0,0,0,0,0,0,0,250,0,0,0,0,0,0,0,400,0,37,9500,0,2200
NP_004751.1,STK17A,DRAK1,5200,0,0,0,0,0,0,0,0,0,0,2300,0,0,440,0,3.4,830,0,0,0,0,0,6300,0,4100,0,0,2000,0,0,0,340,5300,6200,270,0,2.9,0,760,0,0,0,190,0,0,0,4000,1900,0,0,0,32,0,0,0,14,2900,610,0
NP_004217.1,STK17B,DRAK2,5200,0,0,0,0,0,0,0,0,0,0,0,0,0,0,0,5,1800,0,7300,0,0,0,9400,0,1900,0,0,3800,0,0,0,1100,0,3500,7500,0,4.8,0,0,0,0,0,8.1,0,0,0,3500,4700,0,3200,0,9.2,0,0,0,21,7100,45,0
NP_569121.1,DYRK1A,DYRK1A,2.1,0,0,0,0,0,120,0,0,0,0,970,0,0,340,0,20,0,0,1500,0,0,0,0,0,77,0,0,0,1200,0,0,0,0,910,0,0,180,0,160,250,2100,0,0,0,0,0,0,100,0,2300,0,260,23,0,780,4,2900,0,0
NP_004705.1,DYRK1B,DYRK1B,3.9,0,0,0,0,0,290,0,0,0,0,2800,0,0,200,0,29,0,0,0,0,0,0,0,0,84,0,3800,0,970,0,0,0,0,0,0,0,940,0,1000,5400,0,0,0,0,0,0,0,330,0,0,0,0,250,0,1800,28,4500,9500,0
NP_003574.1,DYRK2,DYRK2,63,0,0,0,0,210,5400,0,0,0,0,1800,0,2100,1700,0,22,6000,0,6700,0,4000,0,1300,2000,0,0,7600,0,0,0,0,0,0,3700,0,0,390,0,0,0,0,0,0,0,0,0,0,0,2700,59,0,470,0,0,0,250,0,0,0
NP_005219.2,EGFR,EGFR,0,0,0,0,0,520,0,450,230,7000,2200,0.25,7000,0,0,0,1100,0,0,0.19,0,0,120,0.67,440,3700,0,0,1,4100,0,0,1.1,0,0,0,0,0,2.4,0,0,0,410,0,0,0,1000,0,1300,0,2400,0,300,0,1700,0,370,180,3400,9.5
NP_005219.2,EGFR,EGFR(E746-A750del),0,0,0,0,0,1900,0,0,440,5700,1900,0.11,0,0,0,0,400,0,0,0.26,0,0,130,0.48,310,1200,0,0,0.54,2200,0,0,2.3,0,0,0,0,7100,8.6,0,5100,0,330,0,0,0,180,0,7000,0,220,0,1100,5500,340,0,120,81,6200,4.8
NP_005219.2,EGFR,EGFR(G719C),0,0,6500,0,2300,220,0,120,150,4200,630,0.1,6000,0,0,3000,1200,0,0,0.13,0,2700,170,0.85,120,520,0,0,2,0,0,0,0.37,0,0,0,2600,2700,0.92,0,0,0,210,0,0,0,530,0,1500,0,3900,0,0,7000,710,0,1100,2000,0,9.6
NP_005219.2,EGFR,EGFR(G719S),0,0,0,0,6200,520,0,170,84,5200,1300,0.19,9100,0,0,2600,1100,0,0,0.19,0,0,79,0.52,370,4000,0,0,1.1,0,0,0,0.91,0,0,0,2000,4600,2.1,0,0,0,230,0,0,0,630,0,5300,0,3000,0,0,9300,1300,0,1100,1600,0,5.9
NP_005219.2,EGFR,"EGFR(L747-E749del, A750P)",0,800,0,0,0,220,0,2900,700,3000,1100,0.14,5300,0,0,0,320,0,0,0.17,0,0,110,0.52,160,2300,0,0,0.57,1800,0,0,0.61,7600,0,6800,0,0,2.2,0,0,0,260,0,0,0,1500,0,620,0,970,0,260,7000,1700,0,96,72,1500,12
NP_005219.2,EGFR,"EGFR(L747-S752del, P753S)",0,0,0,0,0,550,0,8800,860,5300,6300,0.12,0,0,0,0,1400,0,0,0.26,0,0,320,0.47,210,2200,0,0,0.57,3100,0,0,0.93,0,0,0,0,0,3.9,0,0,0,410,6400,0,0,1700,0,1700,0,2400,0,560,4600,1600,0,300,110,5600,7.9
NP_005219.2,EGFR,"EGFR(L747-T751del,Sins)",0,1300,0,0,0,530,0,3500,840,5500,4800,0.12,6800,0,0,0,560,0,0,0.26,0,0,160,0.35,160,3000,0,0,0.52,2900,0,0,1,0,0,0,0,0,3.5,0,0,0,470,0,0,0,1100,0,1900,0,770,0,340,5500,1500,0,210,79,3800,8.9
NP_005219.2,EGFR,EGFR(L858R),0,0,0,0,0,2600,0,980,140,8000,1300,0.2,0,0,0,5100,860,0,0,0.24,0,0,120,0.97,190,1700,0,0,0.94,2900,0,0,0.67,0,0,0,0,0,2.8,0,0,0,400,3200,0,0,860,0,760,0,1000,0,250,9100,1900,0,270,46,3300,8.7
NP_005219.2,EGFR,"EGFR(L858R,T790M)",0,0,0,0,0,1600,0,0,7400,0,240,1.1,0,0,0,0,7.8,940,0,0.28,0,0,2200,190,1800,750,0,0,140,150,0,0,27,0,0,240,0,640,0,0,0,0,0,0,0,0,0,0,8.8,0,660,0,61,0,1300,0,0.35,3.4,570,230
NP_005219.2,EGFR,EGFR(L861Q),0,4700,0,0,0,970,0,510,120,8900,2700,0.23,0,0,0,5300,800,0,0,0.22,0,2700,110,1.2,86,1200,0,0,1.4,1400,0,0,0.37,0,0,9600,3400,0,1.2,0,0,0,870,0,0,0,1200,0,2800,0,1400,0,190,0,3200,0,600,98,5800,11
NP_005219.2,EGFR,EGFR(S752-I759del),0,0,0,0,0,0,0,5200,1500,5000,5300,0.14,7600,0,0,0,1400,0,0,0.19,0,0,330,1.6,1100,1400,0,0,0.98,3800,0,0,0.63,0,0,0,0,0,4.2,0,0,0,350,0,0,0,2300,0,1800,0,4600,0,450,6400,2000,0,290,400,0,12
NP_005219.2,EGFR,EGFR(T790M),0,0,0,0,0,2100,0,1500,1300,2200,360,0.61,2400,0,0,0,16,1400,0,0.1,0,0,2300,140,470,1600,0,0,40,74,0,0,1.5,0,0,1100,0,560,860,0,7400,0,0,0,0,0,0,0,9.8,0,2400,0,72,0,2500,0,0.77,7.1,580,100
NP_055228.2,EIF2AK1,EIF2AK1,0,0,0,0,0,0,0,1500,3100,0,0,0,0,0,0,0,0,0,0,0,0,0,0,0,980,870,0,0,0,0,0,0,0,0,0,0,0,0,0,0,0,0,0,0,0,0,0,0,0,0,0,0,0,0,0,0,0,0,1000,0
NP_005223.3,EPHA1,EPHA1,0,0,0,0,0,5400,0,0,5200,0,0,0,9800,0,0,0,380,0,7800,2500,0,140,4.1,0,6.2,2300,0,0,4000,0,0,0,0,0,0,6800,2600,150,0,0,0,0,0,1800,590,0,6.5,0,0,0,99,0,67,0,0,0,300,39,730,230
NP_004422.2,EPHA2,EPHA2,0,0,0,0,0,160,0,0,0,0,0,0,6200,0,0,0,790,0,2900,0,0,100,0.85,0,3.6,2500,0,0,0,0,0,0,0,0,0,6100,0,1500,0,0,0,0,0,370,230,0,3.8,0,0,0,620,0,140,0,0,0,1200,890,4400,1100
NP_005224.2,EPHA3,EPHA3,0,2500,3500,6500,0,80,0,0,3700,0,0,0,880,0,0,0,160,0,0,2100,0,700,0.093,2400,1,3300,0,0,5500,0,0,0,0,0,6100,1600,0,810,0,0,0,0,0,2100,110,0,7.6,0,0,0,390,0,360,0,0,0,27,4000,7100,2000
NP_004429.1,EPHA4,EPHA4,0,0,0,0,0,400,0,0,0,0,0,0,2900,0,0,0,1700,0,8900,3600,0,360,1.2,0,1.9,0,0,0,0,0,0,0,0,0,0,7700,0,0,0,0,0,0,0,420,330,0,8.3,0,0,0,980,0,150,0,0,0,290,910,4000,1600
NP_872272.2,EPHA5,EPHA5,0,0,1500,0,0,140,0,0,0,0,0,0,1400,0,0,0,5900,0,0,1200,0,1000,0.24,710,6.6,3500,0,0,1500,0,0,0,0,0,0,5500,0,0,0,0,0,0,0,1400,1900,0,14,0,0,0,3100,0,860,0,0,0,95,3700,0,240
NP_001073917.2,EPHA6,EPHA6,0,0,330,9100,0,380,0,0,36,0,0,340,2000,0,0,190,1200,0,1500,270,0,65,2100,440,1.1,0,0,0,590,0,0,0,0,0,0,4400,0,1500,0,0,0,0,0,580,640,0,70,0,0,0,210,0,120,0,1200,0,290,120,3900,50
NP_004431.1,EPHA7,EPHA7,0,0,110,3700,0,1100,0,0,620,0,0,0,860,0,0,1700,260,0,0,0,0,470,0,1400,2.5,0,0,0,0,0,0,0,0,0,0,6700,0,390,0,0,0,0,0,1000,0,0,0,0,0,0,0,0,39,0,0,0,630,200,6500,2400
NP_065387.1,EPHA8,EPHA8,0,1800,0,0,0,18,0,0,5300,0,0,0,270,0,0,0,0,0,1100,2000,0,280,0.24,940,1.8,0,0,0,1800,0,0,0,0,1400,0,0,3900,0,0,0,0,0,0,0,37,0,5.9,3900,0,0,250,0,1300,0,0,0,190,0,7700,91
NP_004432.1,EPHB1,EPHB1,0,0,880,0,0,180,0,0,0,0,0,0,4900,0,0,0,5200,0,0,1500,0,120,0.45,1100,12,1500,0,0,1300,0,0,0,0,0,0,1500,0,2500,0,0,0,0,0,330,1300,0,4.4,0,0,0,1900,0,390,0,0,0,240,340,1700,290
NP_059145.2,EPHB2,EPHB2,0,0,1400,0,0,130,0,0,0,0,0,0,440,0,0,0,6900,0,0,2700,0,0,0.39,0,3.9,0,0,0,0,0,0,0,0,0,0,3300,0,0,0,0,0,0,0,0,640,0,19,0,0,0,560,0,880,0,0,0,2100,1500,3900,440
NP_004434.2,EPHB3,EPHB3,0,0,1400,0,0,0,0,0,0,0,0,0,0,0,0,0,0,0,0,0,0,0,6.9,0,85,0,0,0,0,0,0,0,0,0,0,0,0,0,0,0,0,0,0,3500,1000,0,340,0,0,0,0,0,0,0,0,0,0,1900,0,0
NP_004435.3,EPHB4,EPHB4,0,0,1400,0,0,0,0,0,1100,0,0,0,0,0,0,0,6900,0,0,1800,0,570,0.34,2200,12,0,0,0,2500,0,0,0,0,0,0,2700,0,2900,0,0,0,0,0,560,730,0,12,0,0,0,0,0,600,0,0,0,2200,750,2100,520
NP_004436.2,EPHB6,EPHB6,0,0,33,1200,360,0,0,50,220,0,0,3100,0,0,0,1400,98,220,43,640,0,6,0.039,1700,1.3,0,0,1600,3200,0,0,0,2800,0,3100,1100,5,130,0,0,0,0,1300,0,500,81,2,2900,3100,860,9000,0,310,0,3100,0,210,350,300,76
NP_001005862.1,ERBB2,ERBB2,0,1200,0,0,0,0,0,4300,3000,0,0,5,0,0,0,0,0,0,0,56,0,0,1400,2900,580,0,0,0,3500,0,0,0,6,0,0,0,0,0,7,0,0,0,0,0,0,0,0,0,0,0,2900,0,0,0,0,0,190,540,0,2600
NP_001973.2,ERBB3,ERBB3,0,0,0,0,0,0,0,0,180,0,0,4500,0,0,0,0,5500,0,0,210,0,0,18,1100,1500,9200,2300,0,790,0,0,0,7.7,0,0,0,0,0,5500,0,0,0,0,0,0,0,140,0,0,0,120,0,0,0,0,0,0,0,0,160
NP_001036064.1,ERBB4,ERBB4,0,0,0,0,0,0,0,470,1400,0,0,6.3,0,0,0,0,1400,0,0,6.5,0,0,55,230,610,5000,0,0,410,2400,0,0,2.4,0,0,0,7000,0,54,0,0,0,0,0,0,0,940,0,3100,0,0,0,600,0,4800,0,770,280,2000,480
NP_002737.2,MAPK3,ERK1,0,0,0,0,0,0,0,0,0,0,0,0,0,0,0,0,9800,0,0,0,0,0,0,0,0,0,0,0,0,0,0,0,0,0,0,0,0,0,0,0,0,0,0,0,0,0,0,0,0,0,0,0,0,0,0,0,8400,430,0,0
NP_620407.1,MAPK1,ERK2,0,0,0,0,0,0,0,0,0,0,0,0,0,0,0,0,0,0,0,0,0,0,0,0,0,0,0,0,0,0,0,0,0,0,0,0,0,0,0,0,0,0,0,0,0,0,0,0,0,0,0,0,0,0,0,0,7300,300,0,0
NP_002739.1,MAPK6,ERK3,0,0,0,0,0,0,0,0,0,0,0,0,0,4300,500,0,0,0,0,1700,0,0,0,0,0,0,0,0,1600,0,0,0,0,0,0,0,0,5500,0,0,0,0,0,0,0,0,170,0,0,0,0,0,0,0,0,0,3100,0,1200,1500
NP_002738.2,MAPK4,ERK4,0,0,0,0,0,0,0,0,0,0,0,0,0,0,4100,0,0,0,0,5400,0,0,0,2500,0,0,0,0,3100,0,0,0,0,0,0,0,0,0,0,0,0,0,0,0,0,0,1100,0,0,0,0,0,0,0,0,0,0,0,0,0
NP_002740.2,MAPK7,ERK5,0,0,0,0,0,0,42,0,0,0,3200,0,0,620,650,0,1100,0,0,0,0,510,0,0,0,620,0,0,0,0,0,0,0,0,0,0,0,2700,0,0,0,0,0,0,0,0,0,1700,0,0,0,0,0,110,0,0,1600,48,66,0
NP_620590.2,MAPK15,ERK8,89,0,2800,270,0,94,120,0,0,0,0,0,3000,4500,120,0,4.9,0,0,0,0,0,0,0,73,330,0,0,0,0,0,0,0,0,0,0,0,1100,0,76,88,0,0,0,0,0,0,0,0,0,0,0,640,69,0,0,35,210,510,0
NP_001424.3,ERN1,ERN1,0,0,0,0,0,6000,0,0,510,0,0,0,0,1000,0,0,5.7,0,0,0,0,0,0,0,0,0,0,0,0,0,0,0,0,0,2500,5700,0,3500,0,0,0,0,0,0,0,0,0,0,2300,0,0,0,1600,0,0,0,21,180,1200,0
NP_722560.1,PTK2,FAK,0,0,0,0,0,0,0,0,0,0,150,0,7100,0,0,0,1100,0,0,0,0,310,0,0,180,0,0,0,0,200,0,0,1900,0,0,3700,0,2100,0,0,0,0,0,0,0,0,0,1900,0,0,0,0,250,0,0,0,64,1.1,42,0
NP_005237.2,FER,FER,0,0,0,0,0,590,0,0,0,0,0,0,0,0,0,0,28,0,8600,0,0,270,0,0,37,0,0,0,0,9.3,0,0,510,0,0,120,0,1100,0,0,0,0,0,4400,0,2700,3500,0,1200,0,0,0,130,0,0,0,24,1.4,1100,0
NP_001996.1,FES,FES,0,0,0,0,0,360,0,0,0,0,1900,0,0,0,0,0,370,0,0,0,0,450,0,0,110,0,0,0,0,52,0,0,590,0,0,1100,0,750,0,0,0,0,0,0,0,1400,680,0,0,3600,0,0,200,0,0,0,23,4.8,530,0
NP_075593.1,FGFR1,FGFR1,0,0,0,0,380,620,0,0,53,0,0,0,4300,0,0,99,310,150,4700,0,0,0,3700,0,690,0,0,0,0,0,0,0,0,0,0,3500,0,370,0,4000,0,0,0,2400,0,990,62,0,1600,5300,570,0,44,0,0,0,90,47,280,560
NP_075259.4,FGFR2,FGFR2,0,0,0,0,110,1900,0,0,35,0,0,0,0,0,0,110,660,410,0,0,0,0,1400,0,800,0,0,0,0,0,0,0,0,0,0,3600,0,850,0,0,0,0,0,1700,0,210,31,5200,2400,3100,210,0,73,0,0,0,100,250,470,1100
NP_000133.1,FGFR3,FGFR3,0,0,0,0,210,3900,0,0,23,0,0,0,0,0,0,160,580,230,0,0,0,2700,3900,0,910,0,0,0,0,0,0,0,0,0,0,1100,0,1200,0,0,0,0,0,1200,0,740,48,5200,1700,0,660,0,56,0,0,0,88,95,360,1600
NP_000133.1,FGFR3,FGFR3(G697C),0,0,0,0,210,3000,0,0,35,0,0,0,0,0,0,150,730,370,0,0,0,3500,0,0,1600,0,0,0,0,0,0,0,0,0,0,1600,0,280,0,0,0,0,0,1300,0,620,46,0,0,0,770,0,67,0,0,0,310,120,760,6900
NP_075252.2,FGFR4,FGFR4,0,0,0,0,0,1400,0,0,860,0,0,0,0,0,0,600,1800,4300,0,0,0,0,0,0,0,0,0,0,0,0,0,0,0,0,0,0,0,2300,0,0,0,0,0,0,0,2800,490,0,0,0,1100,0,350,0,0,0,250,110,2000,2300
NP_005239.1,FGR,FGR,0,640,0,0,1800,190,0,0,1100,0,0,0,0,0,0,0,52,190,0,2800,0,670,0.5,1100,40,0,0,0,2600,0,0,0,1900,2400,0,220,1800,440,0,0,0,0,0,220,320,1600,2.4,1900,730,62,160,0,33,0,0,0,17,120,82,270
NP_002010.2,FLT1,FLT1,0,0,7.5,41,5.8,86,0,110,0.74,0,0,0,410,0,9900,10,120,69,800,7500,0,2300,5000,4400,3.8,0,0,0,0,0,0,0,0,0,0,53,130,73,0,0,0,0,3100,1000,0,14,23,0,450,1900,1200,9.6,16,0,0,0,150,550,4300,260
NP_004110.2,FLT3,FLT3,540,0,0.63,1.3,42,0.79,0,8.2,0,0,0,0,2300,0,0,0,8.5,0.64,1400,2700,0,850,4800,1200,0.9,0,0,2600,3100,0,0,0,5400,0,0,17,240,15,0,330,1900,0,3,0,0,1100,150,250,11,1300,1500,0,0.71,0,0,0,2.9,15,13,850
NP_004110.2,FLT3,FLT3(D835H),78,0,2.7,3.7,330,4.9,0,210,0,0,0,1800,0,0,7400,0,0.66,6.1,0,1200,0,500,8100,350,1.4,5000,0,1700,1100,2400,0,0,4600,0,0,2.4,9500,13,0,49,210,0,310,0,0,1100,1600,140,6.8,6100,630,0,0.65,0,0,0,2.1,4.9,4.9,560
NP_004110.2,FLT3,FLT3(D835Y),43,0,11,7.1,270,11,0,670,0,0,3000,1400,0,0,3000,0,0.57,5.2,0,730,0,210,4800,130,2,3200,0,710,1000,3000,0,0,3100,0,0,1.5,0,13,0,40,130,0,1800,0,0,810,3100,96,15,6500,560,0,0.37,0,0,0,2.5,2,6.4,830
NP_004110.2,FLT3,FLT3(ITD),83,0,8.8,8.8,250,11,0,140,0,0,0,0,3000,0,0,0,1.5,3.6,0,3000,0,730,9900,820,2.6,4600,0,2200,2900,0,0,0,0,6300,0,4.2,2200,20,0,72,280,0,9.1,0,0,2500,2700,58,11,6100,1900,0,0.54,0,0,0,2.4,8.6,16,1800
NP_004110.2,FLT3,FLT3(K663Q),500,0,1.3,2.2,31,0.51,0,3.9,2300,0,0,0,890,0,0,0,5.4,1.1,730,1600,0,900,3200,1300,0.82,0,0,2600,5100,0,0,0,4900,0,0,20,200,6.6,0,420,330,0,1.5,9500,0,740,130,270,2,2300,1400,0,0.68,0,0,0,3.3,8.2,13,190
NP_004110.2,FLT3,FLT3(N841I),200,0,2.6,4.1,200,2.3,0,43,0,0,0,6200,5000,0,9300,0,1.4,4.8,0,2400,0,860,7000,500,1.5,6500,0,3900,3000,0,0,0,6400,0,0,13,4200,13,0,250,980,0,29,0,0,1600,780,470,6,3900,1200,0,1.5,0,0,0,2.1,11,20,1200
NP_004110.2,FLT3,FLT3(R834Q),1800,0,16,5.1,2400,0.74,0,130,0,0,0,0,0,0,0,0,7,7.5,0,490,0,3000,0,0,11,0,0,0,3500,0,0,0,0,0,0,78,0,60,0,1800,1300,0,410,0,0,9600,0,4600,12,3000,9600,0,4.4,0,0,0,0.22,34,29,1300
NP_002011.1,FLT4,FLT4,0,0,16,41,170,120,0,2900,4.3,0,0,0,7100,0,0,56,17,580,2000,0,0,0,0,2100,1.5,0,0,0,0,0,0,0,0,0,0,700,390,1300,0,3800,0,0,7200,3100,0,27,740,1400,670,0,240,330,9.1,0,0,0,28,170,2000,1100
NP_002022.1,FRK,FRK,0,87,400,1800,0,26,0,0,720,0,0,1400,1200,0,0,0,740,2300,590,3400,0,2900,0.31,2000,3.8,1200,0,0,2000,0,0,0,0,1500,0,5500,310,2100,0,0,0,0,0,0,86,750,4.1,0,2400,1900,570,1800,68,0,1800,0,45,27,200,170
NP_694592.1,FYN,FYN,0,140,0,0,0,50,0,0,1200,0,0,0,0,0,0,0,84,440,2100,5300,1100,1300,0.79,0,88,0,0,0,0,0,0,0,6400,3100,0,340,7100,660,0,0,0,0,0,1300,1600,2700,4.9,0,2100,2300,300,0,28,0,0,0,33,1400,38,360
NP_005246.2,GAK,GAK,180,0,2300,0,2700,1300,0,0,1700,0,180,79,0,0,1800,0,7.3,490,0,100,0,0,2.6,3.1,0,370,0,2700,13,270,0,0,250,1000,99,870,1500,260,0,0,1100,0,3700,0,0,200,8.2,1300,380,0,320,0,250,0,19,0,17,5.3,1.1,86
NP_001013725.2,EIF2AK4,"GCN2(Kin.Dom.2,S808G)",0,0,0,0,0,0,0,0,0,0,0,0,0,0,0,0,4.1,250,55,0,0,0,1600,4400,0,0,0,0,0,0,0,0,96,0,0,81,0,330,0,0,0,0,0,0,0,0,26,3400,39,1300,0,0,3.3,0,0,0,16,1100,100,0
NP_002920.1,GRK1,GRK1,0,0,0,0,0,0,0,0,0,0,0,0,0,0,0,0,24,2200,0,0,0,0,0,0,0,650,0,0,0,830,610,0,0,0,730,1700,0,0,0,1700,800,0,0,0,0,0,0,1100,85,0,930,0,870,0,0,0,0.97,410,0,0
NP_892027.2,GRK4,GRK4,1400,0,0,0,2300,0,0,0,0,0,0,0,0,0,0,0,12,97,0,0,0,4200,0,7300,0,0,0,0,0,0,0,0,0,0,6100,2200,0,71,0,0,590,0,0,0,0,0,0,420,110,0,0,0,450,0,0,0,37,3500,170,0
NP_631948.1,GRK7,GRK7,1900,0,0,0,0,0,0,0,0,0,850,0,0,0,0,0,7.2,1300,0,0,4300,0,0,0,0,980,0,0,0,540,380,0,0,0,540,820,0,5000,0,1300,310,0,0,0,0,0,0,61,48,0,1400,0,2000,0,0,0,0.86,360,2600,0
NP_063937.2,GSK3A,GSK3A,3900,0,0,0,0,8500,23,0,0,0,0,0,0,0,28,0,2300,0,0,0,0,0,0,0,0,1300,0,0,0,0,5200,0,0,0,0,380,0,0,0,0,0,0,0,0,0,0,0,0,2500,0,0,0,2500,280,0,0,140,0,0,0
NP_002084.2,GSK3B,GSK3B,350,0,0,0,0,0,11,0,0,0,0,0,0,0,37,0,1300,350,0,0,0,0,0,0,0,730,0,0,0,0,100,0,0,0,0,720,0,0,0,8.3,2600,0,0,0,0,0,0,0,1800,0,0,0,120,230,1700,0,69,0,0,0
NP_002101.2,HCK,HCK,0,690,0,0,0,880,0,3900,590,0,0,2200,0,0,0,2700,270,3300,1200,4200,0,0,0.35,1800,15,0,0,0,4400,0,0,0,490,0,0,3700,440,4300,0,0,0,0,0,1500,390,5700,3.3,0,720,2700,190,0,150,0,0,0,20,410,2100,360
NP_689909.2,HIPK1,HIPK1,230,0,0,0,0,170,0,0,0,0,4100,0,0,0,1700,0,590,4200,0,0,0,0,0,0,420,6800,0,1100,0,1300,510,0,0,0,1200,0,0,430,0,1000,230,0,0,0,0,0,0,93,0,5500,300,0,820,0,0,0,2700,4400,860,0
NP_073577.3,HIPK2,HIPK2,220,0,0,0,0,7.3,0,3700,0,0,2900,0,0,0,1500,0,370,500,0,0,0,0,0,0,220,4200,0,520,0,1200,390,0,0,0,1000,3600,0,300,0,720,140,0,0,0,0,0,0,120,3100,5000,350,0,4800,0,0,0,190,4400,1000,0
NP_005725.3,HIPK3,HIPK3,110,0,2300,0,0,4,0,2500,0,0,3600,0,0,0,2000,0,250,5100,0,0,0,0,0,0,43,4300,0,600,0,3400,200,0,0,0,1200,4000,0,580,0,0,77,0,0,0,0,0,0,63,2300,9700,130,0,3200,0,0,0,75,6900,1300,0
NP_653286.2,HIPK4,HIPK4,760,0,46,320,0,3.9,0,97,0,0,2000,360,0,8100,0,0,150,0,560,1100,0,3600,0,960,0.51,2000,0,5000,310,1200,0,0,1500,960,0,0,5100,1000,0,1200,0,0,2400,0,0,0,0,1300,950,5400,2200,0,2800,0,0,0,390,350,220,0
NP_001036065.1,MAP4K1,HPK1,0,0,830,0,330,210,0,0,920,0,0,0,0,0,0,0,38,44,0,0,0,39,980,0,44,3300,0,0,0,0,0,0,93,0,0,370,0,63,0,1800,2600,0,0,0,890,750,210,150,2100,0,2100,0,1400,0,0,0,4.3,140,1300,5500
NP_055401.1,HUNK,HUNK,0,0,0,0,1500,0,0,0,0,0,9700,0,0,0,0,0,570,410,0,6400,0,0,0,0,5400,0,0,0,0,0,0,0,0,0,0,0,0,460,0,0,0,0,0,0,0,0,0,1400,240,0,0,0,0,0,0,0,620,350,0,4100
NP_055735.1,ICK,ICK,550,0,0,0,0,2500,8.3,0,0,0,0,0,0,0,150,0,39,0,0,0,0,0,0,0,0,0.69,0,9300,0,0,0,0,0,0,0,0,0,2200,0,680,240,0,0,0,0,0,0,400,5900,0,0,0,0,2.2,0,0,16,4000,1900,0
NP_000866.1,IGF1R,IGF1R,0,0,0,0,0,0,0,0,0,0,0,0,0,0,0,0,4200,0,0,0,0,780,0,0,430,0,0,0,0,7,0,0,0,0,0,1100,0,920,0,0,0,0,0,0,0,0,0,0,0,0,0,0,1300,0,0,0,210,2.7,2200,0
NP_001269.3,CHUK,IKK-alpha,0,0,0,0,0,41,0,0,0,0,0,0,0,1700,0,0,9,1800,0,0,0,0,0,0,5900,0,0,0,0,0,0,0,0,0,0,0,0,180,0,0,0,1000,0,0,0,0,0,0,3800,0,0,0,120,0,0,0,5.8,0,830,0
NP_001547.1,IKBKB,IKK-beta,0,0,0,0,0,110,0,0,0,0,0,0,0,130,0,0,12,0,0,0,0,5500,0,0,0,0,0,0,0,0,0,0,0,0,2300,0,0,430,0,0,0,19,0,0,0,0,0,0,6300,0,0,0,71,0,0,0,31,0,360,0
NP_054721.1,IKBKE,IKK-epsilon,0,0,0,0,0,0,0,0,0,0,0,0,0,0,0,0,11,480,0,0,0,710,0,0,1400,3100,0,0,0,0,0,0,0,0,1200,1300,0,340,0,0,0,0,0,0,0,0,0,700,160,0,0,0,13,0,0,0,5.1,1100,360,0
NP_000199.2,INSR,INSR,0,0,0,0,0,2200,0,0,0,0,0,0,0,0,0,0,1100,0,0,0,0,340,0,0,210,0,0,0,0,1.7,0,0,3000,0,0,330,0,400,0,0,0,0,0,0,0,0,0,2300,0,0,0,0,1100,0,0,0,110,2.4,850,0
NP_055030.1,INSRR,INSRR,0,0,3900,0,0,1400,0,0,0,0,0,0,0,0,0,0,1800,0,0,0,0,600,0,0,53,0,0,0,0,8.6,0,0,4600,0,0,1200,0,420,0,0,0,0,0,0,0,0,0,3500,0,0,0,0,4600,0,0,0,81,6.2,1600,0
NP_001560.2,IRAK1,IRAK1,3100,0,0,0,3100,130,0,0,0,0,1900,240,0,0,0,0,6.1,170,0,450,0,49,0,0,0,540,0,0,69,8500,0,0,2300,1200,290,220,0,48,0,0,0,0,2700,0,0,5900,0,1600,0,0,3700,0,9.7,0,0,0,40,45,220,1200
NP_009130.1,IRAK3,IRAK3,0,0,0,0,0,0,0,7900,0,0,0,0,0,0,2900,0,16,0,0,3000,0,31,0,0,370,0,0,1700,1500,0,0,0,0,0,0,0,2300,240,0,0,0,0,730,1400,0,800,0,610,180,0,1000,0,11,0,0,0,13,160,120,0
NP_057207.2,IRAK4,IRAK4,2500,0,0,0,0,0,0,0,0,0,2100,0,0,0,0,0,1.7,130,0,1200,0,3600,0,0,0,1500,0,0,540,0,0,0,0,0,0,860,0,680,0,0,0,0,0,0,0,0,0,2500,0,0,4300,0,140,0,0,0,1.7,77,1200,75
NP_005537.3,ITK,ITK,0,0,0,0,1200,990,0,0,0,0,0,0,0,0,0,0,290,530,0,5600,0,2000,0,0,69,0,0,0,0,0,0,0,0,0,0,490,0,240,0,0,0,0,0,0,0,0,0,0,0,0,0,0,400,0,0,0,19,34,490,0
NP_002218.2,JAK1,JAK1(JH1domain-catalytic),0,0,0,0,0,74,0,0,0,0,0,0,0,0,0,0,8.8,0,0,0,1.6,330,0,0,0,0,0,0,0,0,0,0,0,0,3.4,200,0,1200,0,0,0,0,0,0,0,0,330,0,670,0,300,0,21,0,0,0,6.1,410,18,0
NP_002218.1,JAK1,JAK1(JH2domain-pseudokinase),0,0,0,0,0,0,0,0,0,0,0,0,0,0,0,0,0,380,0,0,0,0,0,0,0,0,7800,430,0,0,0,0,0,0,0,140,0,190,0,0,0,0,0,0,0,0,0,2700,0,0,3700,0,0,0,0,0,0,300,2000,0
NP_004963.1,JAK2,JAK2(JH1domain-catalytic),0,0,0,0,3300,910,0,0,0,0,0,0,0,0,0,0,3.7,130,0,0,0.58,290,1000,3700,1500,5500,0,0,0,5300,0,0,0,0,0.036,9.9,0,76,0,0,0,0,0,0,0,1700,100,430,94,0,11,0,3.5,0,0,0,9.8,16,1.1,0
NP_000206.2,JAK3,JAK3(JH1domain-catalytic),1500,0,0,0,3100,260,0,0,0,0,0,0,0,0,0,0,2.3,410,0,630,0.16,200,640,700,0,1600,0,0,0,4700,0,0,2000,0,2,18,0,39,0,1700,1200,0,0,0,0,6900,510,470,12,0,86,0,36,0,0,0,12,17,74,0
NP_002741.1,MAPK8,JNK1,0,0,0,0,3900,460,0,0,0,0,0,0,9100,0,0,0,11,0,0,0,0,0,0,0,5700,1600,0,1500,0,210,0,0,3300,5000,4800,830,0,580,0,0,0,0,0,0,450,2000,1500,0,4400,0,0,0,38,0,1100,4200,220,160,260,0
NP_620707.1,MAPK9,JNK2,0,0,240,0,0,56,0,0,0,0,0,2100,7.3,0,0,0,320,0,0,1100,0,0,0,2000,670,0,0,1800,1700,520,0,0,0,0,0,1400,0,230,0,0,0,0,0,0,5800,0,0,0,5000,0,0,0,47,0,130,0,910,280,240,0
NP_002744.1,MAPK10,JNK3,0,0,4300,0,1100,760,0,0,0,0,1100,2000,110,0,5900,0,12,0,0,5500,0,0,0,4300,3900,5500,2500,560,3200,130,0,0,2500,3100,0,240,0,51,0,0,0,0,0,0,2000,1900,0,0,3600,0,0,0,37,0,35,1900,110,67,200,0
NP_000213.1,KIT,KIT,0,8.1,2,4.8,3.2,5.4,0,17,0.38,0,0,0,170,0,0,36,150,7.5,200,7800,0,0,0.81,1700,2.5,0,0,0,0,0,0,0,0,13,0,3.6,0.69,53,0,0,0,0,2.7,0,29,2.8,1.8,3200,220,180,360,5.1,6.8,0,0,0,19,110,130,260
NP_000213.1,KIT,KIT(A829P),0,12,17,3.6,1800,4.4,0,600,98,0,0,0,1400,0,0,0,35,45,990,700,0,0,0.66,0,3.2,8800,0,0,1800,0,1800,0,0,15,6300,60,38,860,0,0,4100,0,23,0,46,33,59,4300,43,5800,1600,0,3.5,0,0,0,0.6,220,46,34
NP_000213.1,KIT,KIT(D816H),4300,1500,1100,320,4200,67,0,2900,820,0,0,0,0,0,0,0,11,170,8700,600,0,0,1.6,0,36,9000,0,0,5500,0,360,0,0,560,6300,48,7000,240,0,0,1500,0,120,0,540,1000,470,4000,16,0,3500,0,6.5,0,0,0,0.43,140,160,420
NP_000213.1,KIT,KIT(D816V),1000,1300,81,150,1300,360,0,4600,390,0,0,0,0,0,0,4000,7.1,1400,6200,3900,0,3700,2.6,1600,9.6,4600,0,0,4300,0,130,0,0,980,7100,18,580,160,0,1100,760,0,29,0,770,500,35,590,7.7,3100,300,0,2.5,0,0,0,0.64,26,160,290
NP_000213.1,KIT,KIT(L576P),0,7.9,1.9,6.3,1.7,2.1,0,34,0.54,0,0,0,260,3900,0,54,40,1.6,83,5700,0,0,0.57,3500,2.7,0,0,0,0,0,2600,0,0,14,0,2.3,0.86,21,0,5200,7900,0,6,0,22,1.8,3.7,1300,41,400,290,110,5.6,0,0,0,22,49,120,140
NP_000213.1,KIT,KIT(V559D),0,5.8,1.7,5,0.49,5,0,15,0.27,0,0,0,230,5700,0,35,76,7.2,170,7900,0,0,0.68,3100,2.1,0,0,0,0,0,7300,0,0,15,0,7.7,0.46,23,0,0,0,0,3.8,0,46,2.3,1.6,2500,200,38,260,17,5.7,0,0,0,15,81,58,180
NP_000213.1,KIT,"KIT(V559D,T670I)",0,0,3.8,6,1.4,18,0,7.9,0.32,0,0,0,260,0,0,17,45,26,240,1900,0,800,0,1300,2.4,0,0,0,0,0,1000,0,0,2500,0,39,10,12,0,0,9800,0,1100,0,150,6.5,0,0,150,0,1700,0,11,0,0,0,9.5,130,1500,2000
NP_000213.1,KIT,"KIT(V559D,V654A)",0,4.7,21,36,3.5,100,0,480,0.31,0,0,0,2400,0,0,12,380,3.1,850,7900,0,0,2.7,0,7.6,0,0,0,0,0,3500,0,0,91,0,6,3.2,76,0,0,0,0,26,0,260,30,68,7200,1600,4800,0,210,410,0,0,0,38,1200,3500,560
NP_004681.1,LATS1,LATS1,1100,0,2100,0,0,470,0,0,0,0,0,0,0,0,0,0,30,1700,0,0,0,0,0,0,0,0,0,0,0,0,0,0,0,0,0,3300,0,5000,0,0,2600,0,0,0,0,0,0,0,1100,0,0,0,0,0,0,0,42,1600,0,0
NP_055387.1,LATS2,LATS2,620,0,1700,0,0,3000,0,0,0,0,0,0,0,0,0,0,1,530,0,0,0,0,0,0,0,0,0,0,0,0,140,0,0,0,0,2100,0,1500,0,0,640,0,0,0,0,0,0,0,2200,0,4000,0,4000,0,0,0,17,2000,8000,0
NP_005347.3,LCK,LCK,0,31,0,2500,2700,11,0,380,67,0,0,570,1200,0,0,1100,430,250,640,320,460,30,0.2,250,6,0,0,0,630,0,0,0,120,40,0,180,260,1200,0,0,0,0,7200,590,47,1200,1.1,320,280,1800,200,0,30,0,2800,0,30,49,72,17
NP_002305.1,LIMK1,LIMK1,0,0,0,0,0,770,0,0,0,0,0,0,0,0,0,0,1600,0,0,0,0,830,570,0,680,0,0,0,0,0,0,0,0,0,0,0,0,0,0,0,0,0,0,0,0,720,990,0,0,2400,0,0,620,0,0,0,480,1100,940,0
NP_005560.1,LIMK2,LIMK2,0,0,4700,0,0,1800,0,0,0,0,0,0,0,0,0,0,0,0,0,0,0,690,86,0,1700,0,0,0,0,0,0,0,0,0,0,0,500,0,0,0,0,0,0,0,0,390,310,0,0,620,0,0,1400,0,0,0,9200,1100,7900,0
NP_000446.1,STK11,LKB1,0,0,0,0,0,0,0,0,0,0,0,0,0,0,0,0,57,3700,0,0,0,0,0,0,0,0,0,0,0,0,0,0,0,0,0,0,0,240,0,0,5900,0,0,0,0,0,0,2600,350,0,0,0,3400,0,0,0,61,0,310,0
NP_005981.3,STK10,LOK,0,0,460,2100,1200,0.92,0,2800,23,0,4900,4300,12,0,0,220,5.7,550,60,1900,0,44,1200,19,0.53,0,1300,0,470,0,0,0,13,0,0,1700,22,13,4400,0,280,0,9500,3700,6800,84,1800,290,590,0,77,0,70,380,0,0,0.037,82,2900,81
NP_940980.3,LRRK2,LRRK2,1900,0,0,0,920,950,0,0,0,0,0,0,0,0,0,0,3.6,1500,0,500,1300,0,0,2900,0,1000,0,0,0,730,0,0,0,0,290,190,0,350,0,0,0,0,0,0,0,0,7500,0,570,0,290,0,36,0,0,0,3.1,1.4,870,0
NP_940980.3,LRRK2,LRRK2(G2019S),1400,0,0,0,990,4400,0,0,0,0,0,0,0,0,0,0,2.5,880,0,1100,550,0,0,4800,0,2000,0,0,0,170,0,0,0,0,90,370,0,45,0,0,9700,0,0,0,0,0,5100,0,180,0,1700,0,27,0,0,0,0.39,0.86,1000,0
NP_996844.1,LTK,LTK,0,0,550,0,0,160,0,3200,4300,0,1200,0,1400,0,0,0,490,0,0,5100,0,12,0,890,110,2200,0,0,5500,1.1,0,0,0,0,440,0,0,920,0,0,0,0,0,0,0,6800,0,0,3000,0,1400,0,800,0,0,0,37,0.95,6300,550
NP_002341.1,LYN,LYN,0,61,0,5700,0,14,0,1600,270,0,0,0,2700,0,0,0,190,750,370,810,0,940,0.57,530,9.1,0,0,0,990,0,0,0,820,890,0,1600,710,3100,0,0,0,0,0,1400,100,1100,2.2,0,4200,1100,560,0,26,0,0,0,40,280,500,110
NP_004712.1,MAP3K13,LZK,0,0,0,0,0,740,0,0,0,0,0,0,0,0,0,0,340,170,0,0,0,230,5300,0,16,0,0,0,0,0,0,0,740,0,0,210,0,500,0,0,0,0,0,0,0,0,0,3200,2800,0,0,0,0,0,0,0,210,57,590,0
NP_005897.1,MAK,MAK,0,0,0,0,0,1000,97,0,0,0,0,0,0,0,2300,0,1700,0,0,0,0,0,0,0,1800,28,0,0,0,0,0,0,0,0,0,0,0,0,0,0,0,0,0,0,0,0,0,890,0,0,0,0,0,11,0,0,2600,0,0,0
NP_005912.1,MAP3K1,MAP3K1,0,0,0,0,0,1800,0,0,0,0,0,0,0,0,0,0,4400,0,0,0,0,1100,0,0,0,0,0,0,0,0,0,0,0,0,4200,0,0,0,0,0,0,0,0,0,0,2900,0,0,0,0,2500,0,0,3500,0,0,350,4300,0,0
NP_001001671.2,MAP3K15,MAP3K15,0,0,0,0,0,0,0,0,0,0,0,0,0,0,0,0,3.4,0,0,0,0,2800,0,0,0,0,0,0,0,0,0,0,0,0,1100,2500,0,0,0,0,0,0,0,0,0,0,0,0,0,0,0,0,0,0,0,0,2.5,800,0,0
NP_006600.3,MAP3K2,MAP3K2,0,0,0,0,0,2300,0,0,0,0,0,0,0,0,0,0,4.8,71,0,3800,0,72,140,2500,1900,6100,0,0,3300,0,340,0,450,0,41,86,0,72,0,0,710,0,0,0,0,290,630,5200,140,0,870,0,94,0,0,0,2.4,110,580,0
NP_002392.2,MAP3K3,MAP3K3,0,0,0,0,2800,0,0,0,0,0,0,0,0,0,0,0,6,0,0,2300,0,110,280,2300,4800,9900,0,0,2100,0,880,0,130,0,150,220,0,120,0,0,170,0,0,0,0,0,430,5900,210,0,640,0,150,0,0,0,2800,320,1300,0
NP_005913.2,MAP3K4,MAP3K4,0,0,0,0,5600,0,0,0,0,0,0,0,0,0,0,0,2600,5500,0,8400,0,0,310,0,1900,0,0,0,0,0,0,0,39,0,0,6700,0,1600,0,0,0,0,0,0,0,0,56,1800,0,0,0,0,840,0,0,0,1200,2000,4100,3000
NP_004570.2,MAP4K2,MAP4K2,1900,0,0,0,1300,100,0,0,540,0,0,0,0,0,0,0,4.7,1900,5000,330,4800,80,1300,0,2000,89,0,0,0,0,0,0,220,0,2000,65,0,11,0,0,290,0,0,0,0,2700,1200,3600,2500,0,100,0,670,2900,0,0,8.8,190,2100,1600
NP_003609.2,MAP4K3,MAP4K3,0,0,3200,0,1200,190,0,0,2000,0,0,0,0,0,0,0,110,560,7500,0,0,75,640,0,110,4500,0,0,0,0,0,0,7.7,0,0,210,0,150,0,0,8400,0,0,0,0,1600,390,490,120,0,0,0,2400,0,0,0,8.2,65,1800,1500
NP_663719.1,MAP4K4,MAP4K4,140,0,0,2500,350,15,0,0,2000,0,0,0,90,0,0,590,23,160,1300,0,0,0,3100,0,190,0,2300,0,0,0,0,0,330,0,0,140,0,33,0,0,0,0,0,0,0,2200,880,280,650,0,1300,0,0,0,3700,0,24,970,0,1400
NP_006566.2,MAP4K5,MAP4K5,0,0,910,440,550,350,0,160,100,0,0,0,0,0,0,1400,43,620,830,2600,0,79,45,0,4,0,0,0,0,0,0,0,0.65,0,0,360,3000,260,0,0,0,0,780,0,0,3000,230,79,1100,3200,0,0,0,0,0,0,18,190,0,450
NP_116584.2,MAPKAPK2,MAPKAPK2,0,0,0,0,0,0,0,0,0,0,0,0,0,0,0,0,230,0,0,0,0,0,0,0,0,0,0,0,0,0,0,0,0,0,0,0,0,0,0,0,0,0,0,0,0,0,0,0,0,0,0,0,0,0,0,0,880,0,0,0
NP_003659.2,MAPKAPK5,MAPKAPK5,0,0,0,0,0,0,0,0,0,0,0,0,0,0,0,0,930,0,0,0,0,0,0,0,0,0,0,0,0,0,0,0,0,0,0,0,0,1200,0,0,0,0,0,0,0,0,0,0,0,0,0,0,0,0,0,0,270,0,0,0
NP_061120.3,MARK1,MARK1,0,0,0,0,0,0,0,0,0,0,0,0,0,0,0,0,83,2300,0,0,0,0,0,0,0,0,0,0,0,0,0,0,0,0,0,4200,0,310,0,0,0,0,0,0,0,0,0,0,170,0,0,0,270,0,0,0,4,31,700,0
NP_059672.2,MARK2,MARK2,0,0,0,0,0,0,0,0,0,0,0,0,0,0,0,0,14,1500,0,0,0,0,0,0,0,0,0,0,0,0,720,0,0,0,660,2300,0,440,0,0,0,0,0,0,0,0,9900,3600,100,0,6200,0,280,0,0,0,0.7,44,3100,0
NP_002367.4,MARK3,MARK3,0,0,0,0,0,0,0,0,0,0,0,0,0,0,0,0,49,3400,0,0,0,0,0,0,0,0,0,0,0,0,0,0,0,0,0,6200,0,1300,0,0,0,0,0,0,0,4000,740,0,21,0,0,0,1900,0,0,0,3,12,300,0
NP_113605.2,MARK4,MARK4,0,0,0,0,0,0,0,0,0,0,0,0,0,0,0,0,120,1700,0,0,0,0,0,0,0,0,0,0,0,0,0,0,0,0,0,5300,0,210,0,0,0,0,0,0,0,0,0,0,370,0,0,0,89,0,0,0,5.4,12,970,0
NP_055790.1,MAST1,MAST1,0,0,0,0,0,0,0,0,0,0,0,0,0,0,6200,0,19,40,0,0,0,0,0,0,0,0,0,0,0,0,0,0,5500,0,520,0,0,0,0,0,0,0,0,0,0,0,0,0,190,0,0,0,0,0,0,0,150,3300,0,0
NP_002746.1,MAP2K1,MEK1,0,0,0,0,2700,0,0,1900,0,99,0,0,0,0,0,0,3.5,520,0,1800,0,0,1000,0,12,0,0,0,0,0,0,0,14,0,1900,200,1700,530,0,0,0,0,0,0,0,0,830,1100,0,550,51,0,320,0,0,0,21,550,5100,1800
NP_109587.1,MAP2K2,MEK2,0,0,0,0,2600,0,0,4200,3100,530,0,0,0,0,0,0,3.9,350,0,1600,0,0,1400,0,13,0,0,0,0,0,0,0,26,0,4000,420,2800,850,0,0,0,0,0,0,0,0,1900,980,0,1100,210,0,730,0,9600,0,28,630,3100,1100
NP_002747.2,MAP2K3,MEK3,1200,0,0,0,0,2200,0,0,0,0,0,0,0,0,0,0,5,0,0,0,0,3300,0,0,0,1200,0,0,0,1000,0,0,0,0,470,360,0,150,0,0,0,0,0,0,0,0,5200,0,5300,0,92,0,100,0,0,0,5,170,3500,0
NP_003001.1,MAP2K4,MEK4,0,0,0,0,0,1000,0,0,0,0,0,0,0,0,0,0,3.8,0,0,0,0,0,0,0,0,2300,0,0,0,910,0,0,0,0,1800,3400,0,250,0,0,930,0,0,0,0,590,330,0,4800,190,810,0,200,0,0,0,70,150,9900,0
NP_660143.1,MAP2K5,MEK5,0,0,1200,0,140,74,0,2.8,1500,0,0,1300,0,0,0,3100,7,32,1900,60,0,0,3.3,96,2.5,180,5100,0,600,0,0,0,63,0,0,99,7.4,120,1100,0,1100,0,3100,0,190,480,58,1400,0,0.16,7.3,0,41,0,1400,0,2.9,200,360,49
NP_002749.2,MAP2K6,MEK6,0,0,0,0,0,0,0,0,0,0,0,0,0,0,0,0,44,0,0,0,0,0,0,0,0,0,0,0,0,0,0,0,0,0,0,3200,0,820,0,0,3900,0,0,0,0,4100,4100,0,6500,0,0,0,480,0,0,0,3.4,2000,0,0
NP_055606.1,MELK,MELK,590,0,0,0,0,830,0,0,0,0,0,0,0,0,5600,0,26,1600,0,0,0,0,0,0,300,0,0,5700,0,0,890,0,1600,1900,2200,1100,0,210,0,5600,0,0,0,0,0,0,0,0,280,0,170,0,0,0,0,0,33,99,2600,0
AAB60430.1,MERTK,MERTK,0,0,870,0,3200,370,0,0,2600,0,3100,0,3700,0,0,0,32,1800,0,0,0,3.6,0,980,0.27,6800,0,0,0,2700,0,0,400,0,0,86,460,750,0,0,0,0,3500,730,0,3300,0,1300,2900,0,4700,0,170,0,0,0,6.4,19,820,1400
NP_000236.2,MET,MET,0,0,1300,0,820,4400,0,0,370,0,2400,2200,0,0,0,0,290,0,6200,5600,0,2.1,0,3800,1.4,0,0,0,0,0,0,0,4000,0,0,670,870,170,0,2800,0,0,0,0,0,2000,830,0.27,690,0,0,0,280,0,0,0.19,190,170,8500,5700
NP_000236.2,MET,MET(M1250T),0,0,690,0,1100,93,0,0,580,0,0,6000,0,0,0,0,480,0,0,1700,0,0.55,0,2800,1,0,0,0,0,0,0,0,6700,0,0,4100,1500,210,0,0,0,0,0,0,0,3400,1100,0.64,2100,0,0,0,230,0,0,0.82,130,64,4400,0
NP_000236.2,MET,MET(Y1235D),0,0,2600,0,990,740,0,5700,560,0,0,2600,0,0,0,0,41,0,1400,830,0,1.5,0,1100,0.82,0,0,0,3500,0,0,0,4200,0,0,5400,560,570,0,8400,0,0,0,0,0,2100,850,0.83,560,0,0,0,760,0,7900,3.9,140,180,0,4100
NP_001020108.1,MINK1,MINK,100,0,0,0,560,7.8,0,0,540,0,1600,0,310,0,0,310,3.6,9.1,0,2100,0,4400,430,1300,2600,1300,1000,0,1800,0,0,0,29,0,0,81,2600,25,0,3500,310,0,0,0,0,0,600,250,170,7100,180,0,0,0,0,0,1,330,8900,3400
NP_660186.1,MAP2K7,MKK7,0,0,0,0,0,27,0,0,0,0,0,0,0,0,0,0,80,0,0,110,0,0,0,0,0,0,0,0,0,0,0,0,530,0,0,0,0,0,4400,0,0,0,0,0,0,0,0,0,0,0,0,0,0,0,0,0,30,0,0,0
NP_001129025.1,MKNK1,MKNK1,0,0,4900,0,0,26,0,0,0,0,0,1800,6300,0,3800,0,56,0,0,260,0,0,0,690,72,0,0,0,290,0,0,0,0,0,0,0,0,0,0,0,7100,0,0,0,0,0,0,0,0,0,6700,0,230,0,0,0,170,0,7300,360
NP_060042.2,MKNK2,MKNK2,3400,0,270,2600,0,3,0,1200,0,0,0,1600,1600,0,4300,0,1.4,0,0,1800,1600,0,0,1000,3.7,3200,0,0,1200,0,0,0,0,0,200,0,0,1200,0,0,0,0,0,0,0,0,0,0,950,0,820,0,130,0,0,0,17,44,380,1700
NP_872299.2,MYLK3,MLCK,400,0,0,410,1700,0,0,0,0,0,0,0,0,0,1700,0,12,2,0,0,0,0,0,0,3000,0,0,0,0,0,0,0,0,0,0,42,0,4.3,0,0,0,0,0,0,0,0,140,0,2300,0,360,0,0,0,0,0,140,0,9700,0
NP_149132.2,MAP3K9,MLK1,0,0,0,0,3000,0,0,0,0,0,0,0,0,0,0,0,3.5,9900,0,0,0,0,0,0,1000,5700,0,0,0,0,0,0,5400,0,0,0,0,650,0,0,1400,0,0,0,0,290,410,0,15,0,2900,0,4.3,0,0,0,10,410,3200,0
NP_002437.2,MAP3K10,MLK2,0,0,0,0,0,0,0,0,0,0,0,0,0,0,0,0,15,0,0,0,0,0,0,0,530,5200,0,0,0,0,0,0,4600,0,0,0,0,1500,0,0,0,0,0,0,0,2100,5300,0,790,0,0,0,3.8,0,0,0,52,1100,6900,0
NP_002410.1,MAP3K11,MLK3,0,0,0,0,0,4000,0,0,0,0,0,0,0,0,0,0,18,2200,9500,0,0,0,0,0,340,0,0,0,0,0,0,0,5800,0,0,0,0,230,0,0,0,0,0,0,0,740,550,0,17,0,0,0,11,0,0,0,20,420,3100,0
NP_003598.2,CDC42BPA,MRCKA,380,0,0,0,0,0,0,0,0,0,0,0,9400,0,0,0,9200,0,0,0,0,0,2000,0,660,9500,0,0,0,0,0,0,0,0,0,0,0,0,0,0,0,0,0,0,0,0,1300,0,0,0,0,0,0,0,6200,0,57,0,0,2600
NP_006026.3,CDC42BPB,MRCKB,95,0,0,0,4800,0,0,0,0,0,0,0,910,0,0,0,1000,0,0,0,0,0,2100,0,330,3300,0,0,0,0,0,0,0,0,0,0,0,0,0,0,0,0,0,0,910,0,1100,0,0,0,0,0,0,0,2700,0,42,4800,0,2500
NP_006273.1,STK4,MST1,0,0,1400,0,1400,3000,0,0,4300,0,0,0,0,0,0,0,3,200,0,0,0,580,3800,0,1100,0,0,0,0,0,0,0,270,0,0,48,7700,560,0,0,0,0,0,0,0,0,4400,0,40,0,0,0,0,0,0,0,0.19,330,0,0
NP_002438.2,MST1R,MST1R,0,0,7600,0,0,480,0,0,2900,0,0,0,0,0,0,0,8200,0,0,0,0,25,0,0,3,0,0,0,0,0,0,0,8400,0,0,0,3200,810,0,0,0,0,0,0,0,0,2500,2000,0,0,0,0,470,0,0,0,400,610,0,0
NP_006272.1,STK3,MST2,5400,0,1500,0,2200,860,0,0,0,0,0,0,0,0,0,0,2.4,480,0,0,0,990,0,0,0,9400,0,0,0,0,0,0,58,0,0,160,0,0,0,1900,960,0,0,0,0,0,1500,1900,220,0,2600,0,3000,0,0,0,0.18,310,0,0
NP_003567.2,STK24,MST3,0,0,0,0,0,1300,0,0,0,0,0,0,0,0,0,0,760,430,0,0,0,0,0,0,0,0,0,0,0,0,0,0,6.5,0,0,2100,0,1100,0,0,0,0,0,0,0,0,2600,0,0,0,0,0,0,0,0,0,120,2900,0,0
NP_057626.2,MST4,MST4,0,0,8300,0,0,0,0,0,4500,0,0,0,0,0,0,0,230,540,0,0,0,2800,1900,0,0,0,0,0,0,0,5400,0,7.4,0,3100,1200,0,1100,0,6900,0,0,0,0,0,0,4100,3800,0,0,3700,0,0,0,0,0,140,510,7500,0
NP_004949.1,FRAP1,MTOR,0,0,0,0,0,0,0,0,0,0,0,0,0,0,0,0,0,0,0,0,0,0,0,0,0,0,0,200,0,0,0,0,0,0,0,0,0,0,0,0,0,0,0,0,0,0,0,0,0,0,3,0,0,0,0,0,0,0,0,0
NP_005583.1,MUSK,MUSK,0,0,10,1000,0,3.1,0,1500,0,0,0,0,1900,0,0,0,4100,830,0,0,0,230,0,0,13,0,0,0,0,0,0,0,0,0,0,5600,0,200,0,0,0,0,0,0,0,0,0,0,0,0,0,0,100,0,0,0,86,260,800,0
NP_444254.3,MYLK,MYLK,870,0,0,0,0,0,0,0,0,0,97,0,0,0,0,0,13,3500,0,0,0,0,0,0,0,0,0,0,0,11,0,0,0,0,360,590,0,740,0,0,290,0,0,0,0,0,0,7900,2000,0,330,0,6500,0,0,0,15,220,520,0
NP_149109.1,MYLK2,MYLK2,0,0,2800,0,1300,330,0,0,0,0,0,0,0,0,980,0,56,92,0,0,0,0,3500,970,2300,0,0,0,1900,0,0,0,0,0,0,0,0,52,0,0,0,0,0,0,0,2000,190,960,0,0,0,0,0,0,0,0,61,0,3000,0
NP_001012418.1,MYLK4,MYLK4,1500,0,0,0,0,0,0,0,0,0,0,0,0,700,2400,0,29,80,0,0,0,0,0,0,0,0,0,780,0,0,0,0,0,0,0,870,0,170,0,230,0,0,0,0,0,0,0,0,640,3400,0,0,810,0,0,0,470,0,130,0
NP_059129.3,MYO3A,MYO3A,0,0,0,0,1900,41,0,0,0,0,6300,0,0,0,0,0,260,0,0,0,0,0,0,0,2800,0,0,0,0,0,0,0,0,0,0,0,0,740,0,0,0,0,0,0,0,0,0,0,0,0,830,0,0,0,0,0,500,67,0,0
NP_001077084.1,MYO3B,MYO3B,0,0,3200,0,0,84,0,0,0,0,3500,0,0,0,0,0,770,0,0,0,0,0,0,0,690,0,0,0,0,0,0,0,0,0,0,0,0,6000,0,0,0,0,0,0,0,0,0,0,0,0,2100,0,0,0,0,0,300,81,0,0
NP_009202.1,STK38,NDR1,0,0,0,0,0,0,0,0,0,0,0,0,0,0,0,0,220,660,0,0,0,0,0,0,0,0,0,0,0,0,0,0,0,0,0,0,0,390,0,0,0,0,0,0,0,0,0,0,0,0,0,0,9400,0,0,0,56,440,5800,0
NP_055815.1,STK38L,NDR2,0,0,0,0,0,2100,0,0,0,0,0,0,0,0,0,0,370,0,0,0,0,0,0,0,0,0,0,0,0,0,0,0,0,0,0,0,0,1100,0,0,0,0,0,0,0,0,0,0,0,0,0,0,0,0,0,0,28,580,0,0
NP_036356.1,NEK1,NEK1,0,0,0,0,0,5200,0,0,0,0,0,0,0,0,0,0,2500,0,0,0,0,0,0,0,0,0,0,0,0,0,0,0,0,0,0,0,0,3100,0,0,0,0,0,0,0,0,8300,0,0,0,0,0,170,0,0,0,860,0,3400,0
NP_665917.1,NEK11,NEK11,0,0,0,0,0,0,0,0,0,0,0,0,0,0,0,0,0,0,0,0,0,0,470,0,0,0,0,0,0,0,0,0,0,0,0,0,1100,0,0,0,0,0,0,0,0,0,3000,0,0,190,0,0,170,0,0,0,3100,0,1200,0
NP_002488.1,NEK2,NEK2,0,0,0,0,0,0,0,0,0,0,2000,0,0,0,0,0,4900,2000,0,0,0,0,6500,0,0,0,0,0,0,0,0,0,250,0,0,0,0,5300,0,0,0,0,0,0,0,980,110,600,0,5000,0,0,260,0,0,0,750,1800,1700,0
NP_002489.1,NEK3,NEK3,0,0,0,0,0,0,0,0,0,0,720,0,0,0,0,0,0,0,0,0,0,0,0,0,0,0,0,0,0,0,0,0,2400,0,1100,0,0,1000,0,0,0,0,0,0,0,0,0,0,0,0,0,0,170,0,0,0,0,8800,640,0
NP_003148.2,NEK4,NEK4,0,0,0,0,0,460,0,0,0,0,0,0,0,0,0,0,0,2700,0,0,0,0,0,0,0,0,0,0,0,0,0,0,0,0,0,0,0,1100,0,0,0,0,0,0,0,0,0,0,0,0,0,0,1800,0,0,0,0,0,1600,0
NP_954983.1,NEK5,NEK5,0,0,0,0,0,1100,0,0,0,0,0,0,0,0,0,0,5600,2300,3200,0,0,0,0,0,0,0,0,0,0,0,0,0,0,0,0,0,0,2300,0,0,0,0,0,0,0,7300,890,0,0,0,0,0,13,0,0,0,810,0,570,0
NP_055212.2,NEK6,NEK6,0,0,0,0,0,2500,0,0,0,0,0,0,0,0,0,0,4400,1500,0,0,0,0,0,0,0,0,0,0,0,0,0,0,0,0,0,0,0,120,0,0,0,0,0,0,0,0,0,0,0,0,0,0,6.3,0,0,0,0,1300,120,0
NP_598001.1,NEK7,NEK7,0,0,0,0,0,0,0,0,0,0,6100,0,0,0,0,0,4000,5600,0,0,0,5700,0,0,0,0,0,0,0,0,0,0,0,0,4900,0,0,210,0,0,0,0,0,0,0,0,0,0,0,0,0,0,11,0,0,0,4500,2300,160,0
NP_149107.3,NEK9,NEK9,0,0,0,0,0,1800,0,0,0,0,0,0,0,0,0,0,5400,9100,0,0,0,790,0,0,470,0,0,0,0,0,0,0,0,0,0,0,0,520,0,0,0,0,0,0,0,0,0,0,0,0,0,0,16,0,0,0,3100,800,150,0
NP_699192.1,MGC42105,NIM1,0,0,0,0,0,0,0,0,0,0,770,0,0,0,0,0,1800,850,0,0,0,4600,0,0,0,0,0,0,0,0,0,0,0,0,0,0,0,1100,0,0,0,0,0,0,0,0,6400,8700,0,0,0,0,660,0,0,0,140,2600,4400,0
NP_057315.3,NLK,NLK,0,0,0,0,0,160,0,0,0,0,0,0,1000,0,0,0,770,0,0,0,0,0,260,0,170,0,0,0,4200,0,3400,0,0,0,0,0,3000,0,0,0,0,0,0,0,0,4400,35,0,0,0,480,0,0,0,25,0,220,0,0,0
NP_005100.1,OXSR1,OSR1,0,0,0,0,0,0,0,0,0,0,0,0,0,0,0,0,8000,0,0,0,0,0,0,0,0,0,0,0,0,4200,0,0,0,0,2700,0,0,1700,0,0,0,0,0,0,0,0,0,0,0,3900,0,0,3100,0,0,0,440,48,0,0
NP_620581.1,MAPK14,p38-alpha,0,0,0,0,0,73,0,0,0,0,0,1300,0.45,0,0,0,0,0,0,0,0,0,27,0,320,0,0,0,0,0,0,0,0,0,0,0,0,0,0,0,0,0,0,0,460,0,67,0,0,0,0,0,0,0,12,0,0,0,0,0
NP_002742.3,MAPK11,p38-beta,0,0,370,0,0,430,0,0,0,0,0,0,7.2,0,0,0,0,0,0,0,0,0,410,0,760,0,0,0,0,0,0,0,0,0,0,0,0,1400,0,0,0,0,0,0,36,0,97,0,0,0,0,0,0,0,70,0,0,0,0,0
NP_002745.1,MAPK13,p38-delta,0,0,0,0,0,13,0,0,0,0,0,0,78,0,0,0,3500,0,0,0,0,0,0,0,54,0,0,0,0,0,0,0,0,0,0,0,0,0,0,0,0,0,0,0,0,0,0,0,0,0,0,0,690,0,0,0,240,0,0,0
AAB40118.1,MAPK12,p38-gamma,0,0,2000,0,0,29,0,0,0,0,0,0,2.9,0,0,0,370,0,0,0,0,0,0,0,390,0,0,0,0,0,0,0,0,0,0,0,0,0,0,0,0,0,0,0,0,0,0,0,0,0,0,0,390,0,1500,0,42,9400,0,0
NP_002567.3,PAK1,PAK1,1500,0,0,0,0,0,0,0,0,0,0,0,0,0,0,0,30,0,0,0,0,0,0,0,0,0,0,0,0,0,550,0,210,0,0,0,0,2100,0,0,0,0,0,0,0,0,0,2900,2100,1400,0,0,260,0,0,0,0.57,650,3100,0
NP_002568.2,PAK2,PAK2,1500,0,0,0,0,0,0,0,0,0,0,0,0,0,0,0,43,0,0,0,0,0,0,0,0,0,0,0,0,0,270,0,79,0,0,0,0,2700,0,0,0,0,0,0,0,0,0,0,3300,0,3200,0,340,0,0,0,3.1,5800,6000,0
NP_002569.1,PAK3,PAK3,0,0,0,0,0,4000,0,0,0,0,0,0,0,0,3500,0,35,770,0,0,0,0,0,0,4100,0,0,0,0,0,0,0,0,0,0,370,0,460,0,4300,0,0,0,0,0,0,0,1100,180,0,0,0,690,0,0,0,7.1,29,0,0
NP_001014834.1,PAK4,PAK4,980,0,0,0,4500,0,0,0,0,0,0,0,0,0,0,0,24,0,0,0,0,0,0,0,0,0,0,0,0,0,18,0,0,0,1600,1500,0,1500,0,0,0,0,0,0,0,0,0,0,0,0,1000,0,96,0,0,0,6.3,2000,3800,0
NP_064553.1,PAK6,PAK6,760,0,0,0,0,0,0,0,0,0,0,0,0,0,0,0,9.9,0,0,0,0,0,0,0,0,0,0,0,0,0,21,0,7500,0,2900,5600,0,1300,0,0,0,0,0,0,0,0,0,0,0,0,1100,0,310,0,0,0,0.57,3500,6900,0
NP_065074.1,PAK7,PAK7,670,0,0,0,0,0,0,0,0,0,0,0,0,0,0,0,24,0,0,0,0,0,0,0,0,0,0,0,0,0,8.9,0,0,0,1300,410,0,390,0,0,0,0,0,0,0,0,0,2600,0,0,520,0,69,0,0,0,1.2,390,1200,0
NP_006192.1,PCTK1,PCTK1,1500,0,2800,0,5300,420,1.1,6300,0,0,0,0,0,890,7.1,0,27,430,0,0,0,0,0,0,890,440,0,1100,0,0,0,0,2300,0,0,0,0,830,0,5300,2600,0,6000,0,0,1200,0,1100,0,0,0,0,0,0.54,0,0,24,560,3100,0
CAA47004.1,PCTK2,PCTK2,1900,0,0,0,0,15,0.95,0,0,0,0,0,0,0,13,0,720,3000,0,0,0,0,0,0,170,480,0,0,0,0,0,0,0,0,0,0,0,1900,0,0,0,0,0,0,0,0,0,880,0,0,0,0,330,0.86,0,0,96,810,350,0
NP_002587.2,PCTK3,PCTK3,7700,0,0,0,0,54,14,0,0,0,0,0,0,0,44,0,0,8400,0,0,0,0,0,0,250,1100,0,4600,0,0,0,0,0,0,0,0,0,0,0,0,0,0,0,0,0,0,0,1500,0,0,0,0,0,20,0,0,270,0,2700,0
NP_006197.1,PDGFRA,PDGFRA,0,25,4.2,11,0.51,27,0,38,0.41,0,0,0,1200,0,0,11,350,54,1100,5200,0,0,0.47,1800,4.5,5900,0,0,0,0,0,0,0,31,0,27,0.49,130,0,0,0,0,2.4,0,180,4.9,5.6,2000,380,190,220,96,60,0,0,0,10,840,2700,230
NP_002600.1,PDGFRB,PDGFRB,0,8.4,1.9,7.7,0.57,8.1,0,41,0.32,0,0,0,1100,0,0,50,29,3.8,240,7500,0,0,0.63,1400,0.96,0,0,0,0,0,3900,0,0,14,0,28,0.29,30,0,3300,0,0,4.5,0,73,2,1.4,1900,110,200,78,25,3.3,0,0,0,1.8,150,45,88
NP_002604.1,PDPK1,PDPK1,0,0,0,0,0,0,0,0,0,0,0,0,0,0,0,0,3.4,0,0,0,0,0,0,0,0,0,0,0,0,0,0,0,0,0,0,3900,0,650,0,0,700,0,0,0,0,0,0,0,190,0,0,0,120,0,0,0,1.7,0,0,0
XP_001349680.1,PFB0815w,PFCDPK1(P.falciparum),0,0,0,0,0,8.5,0,0,0,0,0,0,0,0,0,0,5.6,610,0,0,0,0,640,0,230,0,0,0,0,0,0,0,0,0,0,0,1800,2400,0,0,0,0,0,0,790,370,3300,0,950,1.7,490,0,0,0,850,0,0.25,710,1200,0
XP_001350280.1,MAL13P1.279,PFPK5(P.falciparum),0,0,0,0,0,0,0,0,0,0,0,0,0,0,0,0,5600,0,0,0,0,0,0,0,0,3300,0,0,0,0,0,0,0,0,0,0,0,0,0,0,0,0,0,0,0,0,0,0,0,0,0,0,0,600,0,0,800,0,0,0
NP_631897.1,PFTK2,PFTAIRE2,2100,0,0,0,0,84,62,0,0,0,0,0,0,0,740,0,1300,0,0,0,0,0,0,0,32,330,0,0,0,0,0,0,0,0,0,0,0,2600,0,4900,0,0,0,0,0,0,0,510,0,0,0,0,0,7.2,0,0,260,2100,8600,0
NP_036527.1,PFTK1,PFTK1,790,0,0,0,0,17,16,0,0,0,0,0,0,0,690,0,720,0,0,0,0,0,0,0,31,110,0,0,0,0,0,0,0,0,0,0,0,870,0,1500,0,0,0,0,0,0,0,1300,0,0,0,0,0,11,0,0,160,0,2600,0
NP_006204.1,PHKG1,PHKG1,1200,0,0,0,0,0,0,0,0,0,0,1300,0,0,3800,0,0.39,640,0,0,0,0,0,0,0,2200,0,0,3700,1100,0,0,0,0,5700,590,0,210,0,4200,3700,0,0,0,0,0,0,1900,900,0,0,0,0,0,0,0,0.65,17,330,1100
NP_000285.1,PHKG2,PHKG2,2600,0,0,0,0,0,0,0,0,0,1600,470,0,0,460,0,1.7,9000,0,0,0,0,0,0,0,2900,0,0,2700,2100,0,0,0,0,1000,1700,0,140,0,0,0,0,0,0,0,0,0,2400,1400,0,760,0,940,0,0,0,0.14,13,1600,7900
NP_002637.2,PIK3C2B,PIK3C2B,0,0,0,0,0,0,0,0,0,0,0,0,0,0,0,0,5200,0,0,0,0,0,0,0,0,0,0,130,0,0,0,0,0,0,0,0,0,0,670,0,0,0,0,0,0,0,0,0,0,0,220,0,0,0,0,0,0,0,0,0
NP_004561.2,PIK3C2G,PIK3C2G,0,0,0,0,0,0,0,0,0,0,0,0,0,0,0,0,230,0,0,0,0,0,0,0,0,0,0,300,0,0,0,0,0,0,0,0,0,0,7500,0,0,0,0,0,0,0,0,0,570,0,150,0,0,0,0,0,430,0,0,0
NP_006209.2,PIK3CA,PIK3CA,0,0,0,0,0,0,0,0,0,0,0,0,0,0,0,0,4900,0,0,0,0,0,0,0,0,0,0,1.1,0,0,0,0,0,0,0,0,0,0,0,0,0,0,0,0,0,0,0,0,0,0,150,0,0,0,0,0,0,0,0,0
NP_006209.2,PIK3CA,PIK3CA(C420R),0,0,0,0,0,0,0,0,0,0,0,0,0,0,0,0,4900,0,0,0,0,0,0,0,0,0,0,1.5,0,0,0,0,0,0,0,0,0,0,0,0,0,0,0,0,0,0,0,0,0,0,200,0,0,0,0,0,0,0,0,0
NP_006209.2,PIK3CA,PIK3CA(E542K),0,0,0,0,0,0,0,0,0,0,0,0,0,0,0,0,5900,0,0,0,0,0,0,0,0,0,0,1.5,0,0,0,0,0,0,0,0,0,0,0,0,0,0,0,0,0,0,0,0,0,0,190,0,0,0,0,0,0,0,0,0
NP_006209.2,PIK3CA,PIK3CA(E545A),0,0,0,0,0,0,0,0,0,0,0,0,0,0,0,0,5600,0,0,0,0,0,0,0,0,0,0,0.86,0,0,0,0,0,0,0,0,0,0,0,0,0,0,0,0,0,0,0,0,0,0,230,0,0,0,0,0,0,0,0,0
NP_006209.2,PIK3CA,PIK3CA(E545K),0,0,0,0,0,0,0,0,0,0,0,0,0,0,0,0,7400,0,0,0,0,0,0,0,0,0,0,1.2,0,0,0,0,0,0,0,0,0,0,0,0,0,0,0,0,0,0,0,0,0,0,190,0,0,0,0,0,0,0,0,0
NP_006209.2,PIK3CA,PIK3CA(H1047L),0,0,0,0,0,0,0,0,0,0,0,0,0,0,0,0,49,0,0,0,0,0,0,0,0,0,0,3.7,0,0,0,0,0,0,0,0,0,0,0,0,0,0,0,0,0,0,0,0,1100,0,380,0,0,0,0,0,400,0,3900,0
NP_006209.2,PIK3CA,PIK3CA(H1047Y),0,0,0,0,0,0,0,0,0,0,0,0,0,0,0,0,650,0,0,0,0,0,0,0,0,0,0,4.1,0,0,0,0,0,0,0,0,0,0,0,0,0,0,0,0,0,0,0,0,0,0,440,0,0,0,0,0,0,0,0,0
NP_006209.2,PIK3CA,PIK3CA(I800L),0,0,0,0,0,0,0,0,0,0,0,0,0,0,0,0,0,0,0,0,0,0,0,0,0,0,0,7.1,0,0,0,0,0,0,0,0,0,0,0,0,0,0,0,0,0,0,0,0,0,0,180,0,0,0,0,0,0,0,0,0
NP_006209.2,PIK3CA,PIK3CA(M1043I),0,0,0,0,0,0,0,0,0,0,0,0,0,0,0,0,1100,0,0,0,0,0,0,0,0,0,0,4.5,0,0,0,0,0,0,0,0,0,0,0,0,0,0,0,0,0,0,0,0,0,0,360,0,0,0,0,0,0,0,0,0
NP_006209.2,PIK3CA,PIK3CA(Q546K),0,0,0,0,0,0,0,0,0,0,0,0,0,0,0,0,5400,0,0,0,0,0,0,0,0,0,0,1.7,0,0,0,0,0,0,0,0,0,0,0,0,0,0,0,0,0,0,0,0,0,0,140,0,0,0,0,0,0,0,0,0
NP_006210.1,PIK3CB,PIK3CB,0,0,0,0,0,0,0,0,0,0,0,0,0,0,0,0,6700,0,0,0,0,0,0,0,0,0,0,16,0,0,0,0,0,0,0,0,0,0,0,0,0,0,0,0,0,0,0,0,0,0,120,0,0,0,0,0,0,0,0,0
NP_005017.2,PIK3CD,PIK3CD,0,0,0,0,0,0,0,0,0,0,7600,0,0,0,0,0,4000,0,0,0,0,0,0,0,0,0,0,5,0,0,0,0,0,0,0,0,0,0,0,0,0,0,0,0,0,0,0,0,0,0,31,0,4200,0,0,0,0,0,0,0
NP_002640.2,PIK3CG,PIK3CG,0,0,0,0,0,0,0,0,0,0,0,0,0,0,0,0,350,0,0,0,0,0,0,0,0,0,0,48,0,0,0,0,0,0,0,0,0,0,0,0,0,0,0,0,0,0,0,0,0,0,42,0,0,0,0,0,1800,0,7500,0
NP_002642.1,PI4KB,PIK4CB,5200,0,0,0,0,0,0,0,0,0,0,0,0,0,0,0,290,0,0,0,0,0,0,0,0,0,0,0,0,0,0,0,0,0,3400,0,0,0,940,0,0,270,0,0,0,960,0,0,0,1200,940,0,930,1600,0,0,460,780,1700,0
NP_002639.1,PIM1,PIM1,180,1300,0,0,0,0,0,0,0,0,0,0,0,0,0,0,200,0,0,0,0,0,0,0,0,560,0,0,0,0,940,0,0,0,0,2300,0,0,0,200,270,0,0,0,0,0,0,0,560,0,1500,0,0,0,0,0,3.2,0,0,0
NP_006866.2,PIM2,PIM2,220,0,0,0,0,0,0,0,0,0,0,0,0,0,0,0,250,0,0,0,0,0,0,0,0,770,0,0,0,0,680,0,0,0,0,620,0,0,0,870,1700,0,0,0,0,0,0,0,3100,0,240,0,0,0,0,0,1.9,0,0,0
NP_001001852.1,PIM3,PIM3,140,720,0,0,0,0,0,0,0,0,0,0,0,0,0,0,18,0,0,0,0,0,0,0,0,600,0,0,5800,0,750,0,0,0,0,1700,0,0,0,1100,12,0,0,0,0,0,0,0,560,0,3000,0,0,0,0,0,0.51,0,0,0
NP_001129110.1,PIP5K1A,PIP5K1A,250,0,0,0,0,0,0,0,0,0,0,0,0,0,0,0,36,1900,0,0,0,3200,0,0,0,0,0,0,0,0,0,0,0,0,0,590,0,51,0,0,690,0,0,0,0,0,0,280,310,0,0,0,1900,0,0,0,43,9700,66,0
NP_036530.1,PIP5K1C,PIP5K1C,0,0,0,0,0,0,0,0,0,0,0,0,0,0,0,0,0,4300,0,0,0,0,0,0,0,2600,0,0,0,0,1500,0,0,0,0,0,0,0,0,6600,510,0,0,0,0,1900,0,0,0,0,18,0,130,0,2600,0,2700,0,0,0
NP_003550.1,PIP4K2B,PIP5K2B,1700,0,0,0,0,0,0,0,0,0,0,0,0,0,0,0,18,260,0,0,0,0,0,0,0,0,0,0,0,0,0,0,0,0,0,3700,0,94,0,0,830,0,0,0,0,0,0,1600,270,0,0,0,1200,0,0,0,77,0,160,0
NP_079055.2,PIP4K2C,PIP5K2C,0,0,0,0,0,0,0,0,0,0,110,0,0,0,0,0,0,0,0,0,0,0,0,1000,28,870,0,0,7500,0,0,0,0,380,0,0,0,0,0,0,0,0,0,0,8800,280,230,0,0,0,780,0,120,0,0,3300,0,2300,4100,0
NP_002721.1,PRKACA,PKAC-alpha,56,0,6900,0,0,3700,0,0,0,0,0,0,0,0,0,0,220,0,0,0,0,0,0,0,0,0,0,0,0,0,19,0,0,0,0,0,0,0,0,330,5400,0,0,0,0,0,0,0,720,0,3700,0,600,0,0,0,19,4000,0,0
NP_002722.1,PRKACB,PKAC-beta,90,0,0,0,0,260,0,0,0,0,0,0,0,0,0,0,160,0,0,0,0,0,0,0,0,0,0,0,0,0,13,0,0,0,0,0,0,0,0,590,3200,0,0,0,0,0,0,0,240,0,0,0,510,0,0,0,29,4100,0,0
NP_872629.1,PKMYT1,PKMYT1,0,0,0,0,0,0,0,0,0,0,0,0,0,0,0,0,0,0,0,0,0,0,130,0,0,0,0,0,0,0,0,0,0,0,0,0,0,0,0,0,0,0,0,0,0,0,44,0,0,0,0,0,0,0,0,0,0,0,0,0
NP_998725.1,PKN1,PKN1,210,0,0,0,0,0,0,0,0,0,0,0,0,0,0,0,5.3,180,0,0,170,0,0,0,0,3500,0,0,0,0,34,0,0,0,0,2400,0,580,0,5100,350,0,0,0,0,0,0,0,9.3,0,0,0,660,0,0,0,1.3,340,1100,0
NP_006247.1,PKN2,PKN2,590,0,0,0,2700,0,0,0,0,0,0,0,0,0,0,0,1.8,9900,0,0,1200,0,0,0,0,0,0,0,0,0,3100,0,0,0,0,4700,0,880,0,0,1500,0,0,0,0,0,0,0,15,0,0,0,2600,7300,0,0,2.5,680,0,0
NP_214528.1,pknB,PKNB(M.tuberculosis),0,0,0,0,0,0,0,0,0,0,0,0,0,2400,0,0,55,300,0,0,2000,0,0,0,0,0,0,0,0,0,3.2,0,0,0,4200,170,0,240,0,0,0,0,0,0,0,0,0,0,0,0,2900,0,34,0,0,0,88,1200,100,0
NP_005021.2,PLK1,PLK1,0,0,0,0,0,0,0,0,0,0,0.19,0,0,0,0,0,220,0,0,0,0,0,0,0,0,0,0,0,0,47,0,0,0,0,130,0,0,0,0,0,0,0,0,0,0,0,0,0,0,0,0,0,830,0,0,0,190,20,280,0
NP_006613.2,PLK2,PLK2,0,0,0,0,0,0,0,0,0,0,0.81,0,0,0,0,0,330,570,0,0,0,0,0,0,0,0,0,0,0,0,0,0,0,0,1500,0,0,0,0,0,0,0,0,0,0,0,0,8300,0,0,1400,0,34,0,0,0,200,1200,2400,0
NP_004064.2,PLK3,PLK3,0,0,8500,0,0,8100,0,0,0,0,4,0,0,0,0,0,2300,0,0,0,0,0,0,0,0,0,0,0,0,0,0,0,0,0,710,0,0,0,0,0,0,0,0,0,0,0,2100,0,0,0,2500,0,5.1,0,0,0,910,210,1600,0
NP_055079.2,PLK4,PLK4,0,0,2300,0,16,0,0,4700,2100,0,0,0,0,0,0,0,1.5,0,0,0,0,60,0,1900,3.5,8400,0,2600,0,0,0,0,0,7800,200,31,140,21,0,0,4700,0,7600,410,0,290,0,410,66,3500,70,0,4.2,0,0,0,0.77,0.93,96,620
NP_006245.2,PRKCD,PRKCD,27,0,0,0,0,0,0,0,0,0,0,0,0,0,0,0,240,0,0,0,2000,0,0,0,0,590,0,0,0,0,54,0,0,0,0,0,0,0,0,25,3.6,0,0,0,0,0,0,0,320,0,0,0,4100,0,0,0,1.5,3500,0,0
NP_005391.1,PRKCE,PRKCE,11,0,0,0,0,0,0,0,0,0,0,0,0,0,0,0,160,0,0,0,0,0,0,0,0,380,0,0,0,0,5.3,0,0,0,530,0,0,0,0,8.9,11,0,0,0,0,0,0,0,540,0,9,0,0,0,0,0,0.25,2000,8100,0
NP_006246.2,PRKCH,PRKCH,9.5,0,0,0,0,0,0,0,0,0,0,0,0,0,0,0,140,0,0,0,0,0,0,0,0,350,0,0,0,0,2.4,0,0,0,0,0,0,0,0,46,1800,0,0,0,0,0,0,0,290,0,810,0,0,0,0,0,4.8,0,0,0
NP_002731.3,PRKCI,PRKCI,0,0,0,0,0,0,0,0,0,0,0,0,0,0,0,0,1800,0,0,0,0,0,0,0,0,0,0,0,0,0,250,0,0,0,0,0,0,0,0,0,1400,0,0,0,0,0,0,0,0,0,0,0,0,0,0,0,26,0,0,0
NP_006248.1,PRKCQ,PRKCQ,12,0,0,0,0,2200,0,0,0,0,0,0,0,0,0,0,100,3200,0,0,0,0,0,0,0,350,0,0,0,0,16,0,0,0,0,0,0,0,0,36,2.5,0,0,0,0,0,0,0,920,0,0,0,0,0,0,0,8.5,1500,0,0
NP_002733.2,PRKD1,PRKD1,0,0,0,0,0,1200,0,0,0,0,320,0,0,4600,1200,0,14,0,0,0,0,990,0,0,0,520,0,0,3500,650,3500,0,820,0,0,420,0,1200,0,0,0,0,0,0,0,0,0,0,0,0,0,0,0,0,0,0,27,80,0,0
NP_057541.2,PRKD2,PRKD2,0,0,0,0,0,950,0,0,0,0,510,0,0,0,3900,0,8.1,0,0,0,0,0,0,0,0,1100,0,0,0,0,0,0,1100,0,0,320,0,1500,0,0,890,0,0,0,0,0,0,0,6300,0,0,0,0,0,0,0,72,160,0,0
NP_005804.1,PRKD3,PRKD3,1000,0,0,0,0,1500,0,0,0,0,350,0,0,0,750,0,8.9,0,0,0,0,510,0,0,7500,170,0,0,0,410,990,0,2400,0,0,480,0,780,0,0,0,0,0,0,0,0,0,0,3200,0,0,0,3900,0,0,0,18,90,9600,0
NP_006249.1,PRKG1,PRKG1,270,0,0,0,0,0,0,0,0,0,0,0,0,0,0,0,370,0,0,0,0,0,0,0,0,0,0,0,0,0,210,0,0,0,0,0,0,2500,0,1100,0,0,0,0,0,0,0,0,250,0,0,0,0,0,0,0,32,430,3800,0
NP_006250.1,PRKG2,PRKG2,19,0,0,0,0,0,0,0,0,0,0,0,0,0,0,0,25,0,0,0,0,0,0,0,0,0,0,0,0,0,3.1,0,0,0,690,0,0,800,0,170,3100,0,0,0,0,0,0,0,74,0,520,0,3600,0,0,0,16,240,1600,0
NP_002750.1,EIF2AK2,PRKR,2800,0,0,0,7400,1100,0,0,0,0,460,0,0,0,0,0,120,2800,950,0,0,1100,0,1300,0,5200,0,0,0,0,2000,0,0,0,0,0,0,3600,0,0,0,0,0,0,0,1900,0,0,6900,0,2200,0,180,0,0,0,360,0,1100,0
NP_005035.1,PRKX,PRKX,97,0,0,0,0,4400,0,0,0,0,0,0,0,0,0,0,42,0,0,0,0,0,0,0,0,0,0,0,0,0,7.2,0,0,0,0,0,0,1200,0,0,0,0,0,0,0,0,0,0,960,0,0,0,0,0,0,0,13,5800,0,0
NP_003904.3,PRPF4B,PRP4,4600,0,0,0,0,0,0,0,0,0,0,0,0,0,0,0,550,560,0,0,0,0,0,0,0,0,0,0,0,0,0,0,0,0,0,8700,0,270,0,0,1600,0,0,0,0,0,0,2600,55,0,0,0,0,0,0,0,220,7600,390,0
NP_775267.1,PTK2B,PYK2,0,0,0,0,0,520,0,0,0,0,310,0,990,0,0,0,41,0,0,0,0,190,0,0,14,3100,0,0,0,76,0,0,8000,0,0,760,0,760,0,0,0,0,0,2000,0,0,5000,910,660,0,0,0,29,0,0,0,3.5,1.1,220,0
BAA76843.2,KIAA0999,QSK,0,0,0,0,0,0,0,0,0,0,0,0,0,0,0,0,120,0,0,700,0,0,28,0,0,0,0,0,0,0,0,0,0,0,1300,0,0,2300,0,0,0,0,0,0,0,0,99,0,98,0,2900,0,0,0,3900,0,0.46,1300,1900,3900
NP_002871.1,RAF1,RAF1,0,0,0,0,0,930,0,0,0,0,0,0,0,0,0,0,0,0,390,0,0,0,570,0,4400,0,6.6,0,0,0,0,0,0,1700,0,0,0,0,0,0,0,0,0,0,3900,900,23,0,0,170,0,0,840,0,980,0,0,0,0,0
NP_065681.1,RET,RET,0,0,100,8,120,17,0,80,6.1,0,0,0,500,0,0,390,20,71,150,4200,0,0,730,1300,0.74,0,0,0,0,0,0,0,0,0,720,9.2,2500,150,0,0,0,0,0,0,870,310,71,690,350,0,4.8,0,4.1,0,0,0,15,150,130,34
NP_065681.1,RET,RET(M918T),0,0,120,3,100,4.5,0,120,7.5,0,0,0,240,0,0,360,14,47,72,840,3300,1300,390,330,0.67,0,0,0,0,0,1300,0,0,0,630,6.4,920,47,0,0,0,0,0,0,1100,270,53,580,130,0,4,7600,4.1,0,0,0,28,140,150,14
NP_065681.1,RET,RET(V804L),1900,0,970,13,1300,4.3,0,140,0,0,0,0,0,0,0,0,6.7,27,320,0,0,2100,3200,0,1.6,0,0,0,0,0,0,0,0,0,280,1.2,0,35,0,0,0,0,0,0,0,5900,0,460,27,0,350,0,2.2,0,0,0,15,120,71,0
NP_065681.1,RET,RET(V804M),180,0,54,9.1,1600,3.2,0,240,3800,0,0,0,0,0,0,0,4.7,26,89,0,0,0,0,0,2.8,0,0,0,0,0,0,0,0,0,190,0.83,0,35,0,0,0,0,0,0,0,2300,6000,510,20,0,340,0,3.1,0,0,0,12,140,81,0
NP_113668.2,RIOK1,RIOK1,620,0,0,0,1200,0,0,0,0,0,2200,0,0,0,0,0,9,420,0,8400,0,6100,0,0,0,0,0,0,0,0,0,0,0,0,2500,2300,0,47,0,0,810,0,0,0,0,0,0,470,1200,0,0,0,340,0,0,0,130,0,100,0
NP_060813.1,RIOK2,RIOK2,5300,1700,0,0,0,550,0,0,0,0,0,0,0,0,1500,0,6700,260,0,0,0,0,0,0,0,0,1200,670,0,2000,0,0,0,0,1200,0,0,5000,0,0,0,0,0,0,0,610,0,0,97,770,9100,0,3400,0,0,0,390,0,2600,0
NP_003822.2,RIOK3,RIOK3,690,0,0,0,1000,0,0,0,0,0,4400,0,0,0,0,0,7.7,690,0,0,0,4000,0,0,0,0,0,0,0,0,0,0,0,0,2000,2000,0,61,0,0,650,0,0,0,0,0,0,390,420,0,0,0,210,0,0,0,76,3500,91,0
NP_003795.2,RIPK1,RIPK1,0,0,2800,890,2500,210,0,0,0,0,0,0,0,0,0,0,0,320,5400,0,0,1600,0,0,850,0,0,0,0,0,0,0,0,0,0,240,0,64,0,0,0,0,0,0,0,260,3500,1500,0,5100,0,0,0,0,0,0,0,0,5300,0
NP_003812.1,RIPK2,RIPK2,0,0,0,2700,9900,1100,0,1800,98,0,0,2700,5800,0,0,2900,640,0,950,300,0,900,31,680,21,0,2500,0,530,0,0,0,0,0,0,0,290,3700,3600,0,0,0,0,0,0,580,16,0,0,430,77,0,970,0,24,0,5200,9600,6100,4.6
NP_065690.2,RIPK4,RIPK4,0,0,0,0,1400,180,0,0,0,0,0,0,0,0,0,0,13,0,0,0,0,2100,0,4900,900,0,0,0,0,0,0,0,0,0,2100,0,0,130,0,0,0,0,0,0,0,0,0,0,0,0,290,0,220,0,0,0,110,3200,9800,620
Q6XUX3.1,DSTKY,RIPK5,0,0,0,0,0,360,0,3000,0,0,0,0,0,0,0,0,5.3,0,0,0,0,450,0,0,510,4200,0,0,0,4300,0,0,6400,0,0,740,0,660,0,0,0,0,0,0,0,0,0,0,4700,0,510,0,0,780,0,0,11,57,1700,0
NP_005397.1,ROCK1,ROCK1,37,0,0,0,0,1500,0,0,0,0,0,0,0,0,0,0,56,760,0,0,470,3700,0,0,0,1200,0,0,0,0,280,0,0,0,60,0,0,300,0,0,0,0,0,0,0,0,0,0,7800,0,0,0,590,2100,0,0,0.28,37,2100,0
NP_004841.2,ROCK2,ROCK2,0,0,630,0,0,390,0,0,0,0,0,0,0,0,0,0,71,3100,0,0,420,3300,0,0,1800,1500,0,0,0,0,200,0,0,0,52,0,0,250,0,0,0,0,0,0,0,0,0,8700,2300,0,0,0,560,730,0,0,0.24,130,2200,3600
NP_002935.2,ROS1,ROS1,0,0,0,0,3200,1700,0,0,0,0,0,0,0,0,0,0,26,0,0,0,0,4.1,0,0,14,0,0,0,0,15,0,0,0,0,0,4500,0,0,0,0,5800,0,0,3100,0,920,0,3000,430,0,1200,0,29,0,0,0,30,0.49,600,0
NP_001006945.1,RPS6KA4,RPS6KA4(Kin.Dom.1-N-terminal),0,0,7200,0,0,1900,0,0,0,0,0,0,0,0,0,0,62,590,0,0,0,0,0,0,0,1300,0,0,0,0,0,0,0,0,0,3200,0,2200,0,2500,6100,0,0,0,0,0,0,0,260,0,0,0,0,0,0,0,120,2500,0,0
NP_003933.1,RPS6KA4,RPS6KA4(Kin.Dom.2-C-terminal),3200,0,0,0,0,0,0,0,0,0,12,0,0,2300,0,0,1300,0,0,0,0,0,0,7000,0,0,0,0,1200,0,51,0,0,0,340,0,0,1100,0,0,0,0,0,0,0,0,0,0,0,0,65,0,44,0,0,0,2200,0,140,0
NP_872198.1,RPS6KA5,RPS6KA5(Kin.Dom.1-N-terminal),0,0,1200,0,0,730,0,0,0,0,0,0,0,0,9000,0,42,680,0,0,0,0,0,0,0,0,0,0,0,0,0,0,0,0,0,0,0,0,0,370,1300,0,0,0,0,0,0,0,240,0,0,0,0,0,0,0,42,0,4400,0
NP_004746.2,RPS6KA5,RPS6KA5(Kin.Dom.2-C-terminal),2800,0,0,0,0,0,0,0,0,0,270,0,0,0,0,0,960,0,0,0,0,0,0,0,0,0,0,0,0,0,160,0,0,0,140,0,0,1900,0,0,0,0,0,0,0,0,0,1100,0,0,1500,0,150,0,0,0,890,0,2200,0
NP_002944.2,RPS6KA1,RSK1(Kin.Dom.1-N-terminal),0,0,0,0,0,0,0,0,0,0,5400,0,0,0,0,0,28,450,0,0,0,0,0,0,0,2300,0,0,0,410,0,0,7400,0,0,2100,0,3400,0,1600,400,0,0,4800,0,0,0,0,690,0,2100,0,490,0,0,0,43,160,1200,0
NP_002944.2,RPS6KA1,RSK1(Kin.Dom.2-C-terminal),0,0,0,0,0,0,0,0,0,0,0,0,0,3300,0,0,2400,0,0,6200,1400,0,0,0,0,720,0,0,0,0,0,0,0,0,120,0,0,0,0,0,0,0,0,0,0,0,0,0,0,0,0,0,3800,0,320,0,1200,650,420,400
NP_004577.1,RPS6KA3,RSK2(Kin.Dom.1-N-terminal),0,0,0,0,0,0,0,0,0,0,0,0,0,0,0,0,290,5600,0,0,0,0,0,0,0,1000,0,3000,0,170,0,0,0,0,0,440,0,280,0,87,3600,0,0,0,0,0,0,9900,740,0,200,0,8000,0,0,0,69,17,8100,0
NP_066958.2,RPS6KA2,RSK3(Kin.Dom.1-N-terminal),0,0,0,0,0,0,0,0,0,0,0,0,0,0,0,0,88,310,0,0,0,0,0,0,5100,4300,0,0,0,2900,0,0,4100,0,0,1300,0,620,0,220,280,0,0,0,0,0,0,0,730,0,0,0,0,0,0,0,8.9,33,7700,0
NP_001006933.1,RPS6KA2,RSK3(Kin.Dom.2-C-terminal),0,0,0,0,0,1100,0,0,0,0,700,0,0,0,0,0,1200,0,0,0,600,0,0,0,0,1500,0,0,0,0,0,0,0,0,150,0,0,7500,0,0,0,0,0,0,0,0,0,0,0,0,0,0,0,390,0,0,190,160,2300,0
NP_055311.1,RPS6KA6,RSK4(Kin.Dom.1-N-terminal),0,0,0,0,0,0,0,0,0,0,0,0,0,0,0,0,110,4600,0,0,0,0,0,0,0,2100,0,5400,0,3000,0,0,0,0,1400,3000,0,440,0,25,2300,0,0,0,0,0,0,6800,1500,0,610,0,0,0,0,0,18,27,0,0
NP_055311.1,RPS6KA6,RSK4(Kin.Dom.2-C-terminal),0,0,0,0,0,3400,0,0,0,0,1300,3100,0,6700,0,0,9100,0,0,0,540,0,0,0,0,800,0,0,0,0,0,0,0,0,150,0,0,0,0,0,0,0,0,0,0,0,0,0,0,0,7300,0,0,0,250,0,3300,160,360,240
NP_003152.1,RPS6KB1,S6K1,3600,0,2800,0,0,120,0,2800,0,0,0,0,0,0,0,0,69,570,0,0,0,640,0,0,1200,3700,0,0,0,0,0,0,0,0,0,0,0,310,0,1800,210,0,0,0,0,0,0,4100,1300,0,4800,0,0,0,0,0,1.3,2700,2000,1600
NP_001019572.1,SBK1,SBK1,0,0,0,0,0,0,0,0,0,0,0,4800,0,0,0,0,200,1500,0,0,0,1300,1200,1200,0,0,0,0,560,0,0,0,0,0,1300,3100,0,580,0,0,0,0,0,0,0,0,0,0,0,0,0,0,93,0,0,0,3.2,21,790,0
P0C264,SgK110,SgK110,0,0,0,0,0,0,0,0,0,0,0,0,0,0,0,0,120,0,0,0,0,240,0,0,0,0,0,0,0,0,0,0,0,0,5800,1100,0,230,0,0,0,0,0,0,0,0,1100,0,0,0,0,0,190,0,0,0,25,54,2900,0
NP_037389.4,SGK3,SGK3,5100,0,1900,0,0,150,0,0,0,0,0,0,0,0,0,0,5.8,960,0,0,0,0,0,0,0,0,0,0,0,0,1900,0,0,0,0,0,0,96,0,0,1400,0,0,0,0,0,0,0,1400,7200,0,0,0,0,0,0,3.4,0,2500,0
NP_775490.2,SIK1,SIK,0,0,0,0,2100,1700,0,0,0,0,0,0,0,0,0,0,82,0,0,0,0,0,3.9,0,160,0,0,0,0,0,0,0,220,0,0,3000,0,670,0,0,0,0,0,1700,0,2200,6.5,0,160,520,320,0,53,0,0,0,2.2,15,39,1900
NP_056006.1,SIK2,SIK2,0,0,0,0,0,0,0,0,2100,0,0,0,0,0,0,0,15,3700,0,4900,0,200,6.4,2600,640,0,0,0,2100,0,6900,0,3300,0,0,400,0,560,0,0,0,0,0,0,0,7300,26,2500,560,1900,520,0,78,0,0,0,1.1,17,98,430
NP_055535.2,SLK,SLK,0,0,450,4600,1000,23,5900,0,22,0,4100,3700,150,0,0,170,35,300,510,1800,0,18,720,26,3,0,1300,0,920,0,0,0,66,0,0,720,60,13,3300,3100,400,0,0,0,0,240,3700,350,220,5100,84,0,33,96,3700,0,0.024,21,680,95
NP_112214.1,NUAK2,SNARK,4200,0,0,0,1300,0,0,0,0,0,0,0,0,0,1700,0,1,130,0,0,240,120,0,0,0,1400,0,0,4600,0,86,0,140,0,320,130,0,54,0,4100,320,0,0,0,0,0,0,910,63,0,3600,0,65,0,0,0,0.086,1.2,49,0
NP_060189.3,SNRK,SNRK,0,0,0,0,0,0,0,0,0,0,0,0,0,0,0,0,0,0,0,0,0,0,0,0,0,0,0,0,0,0,0,0,0,0,0,0,0,0,0,0,0,0,0,0,0,0,0,0,0,0,0,0,0,0,0,0,90,300,230,0
NP_005408.1,SRC,SRC,0,900,0,0,0,340,0,0,81,0,0,2800,0,0,0,1600,640,1800,1100,1100,0,560,0.21,700,20,0,0,0,3800,0,0,0,4100,0,0,2400,2300,2800,0,0,0,0,9600,800,1900,2800,0.71,0,1200,4700,220,0,8.4,0,5300,0,86,280,75,70
NP_543013.1,SRMS,SRMS,0,0,0,0,0,72,0,7900,0,0,0,0,0,0,0,0,820,0,0,6700,0,0,13,0,18,1400,0,0,0,0,0,0,0,0,0,0,400,2700,0,0,0,0,0,0,0,2500,600,0,0,21,0,0,610,0,0,0,740,160,5000,1900
NP_003128.3,SRPK1,SRPK1,550,0,0,0,1800,0,0,0,0,0,0,0,0,0,0,0,10,420,0,0,0,1800,0,0,0,0,0,0,0,0,0,0,0,0,2100,1700,0,55,0,0,1200,0,0,0,0,0,0,41,42,0,0,0,590,0,0,0,5.5,4800,160,0
AAC05299.1,SRPK2,SRPK2,1100,0,0,0,0,0,0,0,0,0,0,0,0,0,0,0,51,290,0,0,0,0,0,0,0,0,0,0,0,0,0,0,0,0,0,2200,0,15,0,0,1100,0,0,0,0,0,0,500,330,0,0,0,0,0,0,0,67,0,100,0
NP_055185.2,SRPK3,SRPK3,1500,0,0,0,2300,0,0,0,0,0,0,0,0,0,0,0,13,250,0,0,0,8200,0,8300,0,0,0,0,0,0,0,0,0,0,3300,6000,0,200,0,0,1600,0,0,0,0,0,0,1600,80,0,0,0,400,0,0,0,73,2900,170,0
CAA06700.1,STK16,STK16,0,0,0,0,370,0,0,0,0,0,1100,0,0,0,0,0,19,1500,0,0,0,0,0,0,0,0,0,1100,0,7300,0,0,0,0,490,18,0,29,0,2500,0,0,0,0,0,360,0,4800,280,1900,4000,0,1.7,0,0,0,270,800,6.6,0
NP_112168.1,STK33,STK33,220,0,3800,0,0,1200,0,0,540,0,1100,0,0,0,0,3200,26,0,0,0,0,0,0,0,98,1700,0,0,0,70,0,0,940,0,0,780,0,140,0,4900,2600,0,0,0,0,0,0,840,190,0,4500,0,970,0,0,0,1.8,3.2,220,1400
NP_543026.1,STK35,STK35,0,0,0,0,0,16,0,0,5.4,0,0,0,0,0,0,26,810,0,0,2900,0,610,770,0,230,450,0,0,0,0,0,0,4500,0,0,3200,0,630,0,0,0,0,0,0,0,0,360,0,0,0,500,0,1400,0,0,0,140,260,0,56
NP_056505.1,STK36,STK36,0,0,0,0,0,1300,0,4600,0,0,0,0,0,6500,260,0,3800,0,8300,4500,0,0,210,4400,180,0,0,0,5700,0,2600,0,5300,0,0,0,0,0,0,0,0,0,0,0,0,470,290,0,0,2900,0,0,230,0,1300,0,6700,1400,870,0
NP_037365.2,STK39,STK39,0,0,0,0,0,1500,0,0,0,0,0,0,0,0,0,0,1100,530,0,0,0,0,0,0,0,0,0,0,0,0,0,0,0,0,1900,0,0,890,0,0,0,0,0,0,0,0,0,0,0,0,0,0,0,0,0,0,130,150,1600,0
NP_003168.2,SYK,SYK,0,0,0,0,0,600,0,0,0,0,4700,0,0,0,0,0,9.5,0,4400,0,0,2500,2900,0,280,0,0,0,0,0,0,0,5100,0,0,9000,0,670,0,0,0,0,0,0,0,4700,410,0,88,0,0,0,19,0,0,0,14,1300,2700,0
NP_663304.1,MAP3K7,TAK1,640,0,0,8500,0,1.5,0,650,0,0,0,0,150,0,1400,0,2.9,630,490,3300,0,1800,3700,0,540,2900,0,0,0,4700,0,0,0,0,730,7.2,0,36,0,0,0,0,0,0,0,0,0,5300,130,0,1600,0,49,0,0,0,67,160,3100,0
NP_065842.1,TAOK1,TAOK1,470,0,320,0,0,29,130,0,0,0,0,0,0,0,1300,0,70,0,3900,0,0,1200,0,0,3700,140,0,0,0,3300,620,0,0,0,1300,1700,0,1800,0,0,1800,0,0,0,4700,240,810,460,0,0,130,0,490,600,0,0,0.45,25,1300,0
NP_057235.2,TAOK2,TAOK2,4900,0,0,0,0,44,50,0,5900,0,0,0,0,0,1800,0,500,0,140,0,0,900,5400,0,6900,250,0,0,0,0,1400,0,0,0,310,0,0,0,0,0,3900,0,0,0,0,1800,440,1200,0,0,390,0,640,750,0,0,12,740,760,0
NP_057365.2,TAOK3,TAOK3,1100,0,260,0,0,5.8,57,0,5000,0,1700,0,0,0,620,0,86,0,720,0,0,490,2300,0,0,99,0,0,0,1400,9300,0,4200,0,590,2200,0,1000,0,0,97,0,0,0,1700,45,390,43,0,0,490,0,4600,210,0,0,0.22,44,1900,0
NP_037386.1,TBK1,TBK1,0,0,0,0,0,0,0,0,0,0,0,0,0,0,0,0,18,130,0,0,0,690,0,3100,800,470,0,0,0,0,0,0,0,0,1700,470,0,130,0,0,970,0,0,0,0,0,0,970,9.3,0,0,0,23,0,0,0,0.89,470,92,0
NP_003206.1,TEC,TEC,0,0,0,0,0,0,0,0,0,0,0,0,0,0,0,0,1200,0,0,1500,0,0,13,0,310,0,0,0,0,0,0,0,0,0,0,2000,0,0,0,0,0,0,0,730,0,0,600,0,0,0,0,0,1600,0,0,0,1300,180,0,0
NP_006276.2,TESK1,TESK1,0,0,0,0,4300,2400,0,0,0,0,0,0,0,0,0,0,290,0,0,3200,0,380,33,0,260,0,0,0,0,0,0,0,0,0,0,0,1100,0,0,0,0,0,0,0,0,0,79,0,0,1500,300,0,360,0,0,0,320,0,3200,3700
NP_004603.1,TGFBR1,TGFBR1,0,0,0,0,0,0,0,0,1700,0,0,0,0,0,0,0,120,0,0,9600,0,1000,230,0,0,0,4900,0,0,0,0,0,0,0,0,1100,0,0,0,0,0,0,0,0,0,0,1500,0,0,0,100,0,2600,0,7100,0,2000,190,0,0
NP_003233.4,TGFBR2,TGFBR2,0,0,0,0,0,260,0,0,0,0,0,0,0,0,2400,0,540,0,0,800,0,0,2900,0,0,5600,0,0,0,0,0,0,0,0,0,2000,320,0,0,0,0,0,0,0,0,3000,270,0,0,890,250,0,330,0,1800,0,0,250,1100,0
NP_005415.1,TIE1,TIE1,0,0,110,3200,97,0.29,0,350,290,0,0,0,8.3,0,0,1100,680,4000,150,2200,0,110,0,850,0.79,0,0,0,0,0,0,0,390,0,0,0,0,300,0,0,0,0,0,1600,1000,700,1200,1200,1400,0,0,0,76,0,0,0,65,15,700,1500
NP_000450.2,TEK,TIE2,0,0,450,0,310,19,0,1900,140,0,0,0,20,0,0,440,630,0,1300,0,0,270,0,0,3.1,0,0,0,0,0,0,0,3000,0,0,0,0,1100,0,0,0,0,0,300,1000,3300,280,6700,1900,0,2200,0,310,0,0,0,140,46,1900,1000
NP_036422.3,TLK1,TLK1,0,0,0,0,0,0,2400,0,0,0,0,0,0,0,0,0,110,0,0,0,0,0,0,0,0,0,0,0,0,0,0,0,0,0,0,0,0,2700,0,510,2100,0,0,0,0,0,0,0,0,0,0,0,490,0,0,0,27,0,1300,0
AAF03095.1,TLK2,TLK2,0,0,0,0,0,0,0,0,0,0,0,0,0,0,0,0,64,2600,0,0,0,0,0,0,0,0,0,0,0,0,0,0,0,0,0,0,0,1800,0,1400,0,0,0,0,0,0,0,0,0,0,0,0,380,0,0,0,16,0,2000,0
NP_055843.1,TNIK,TNIK,140,0,2800,2800,180,69,0,8500,810,0,0,0,140,0,0,160,5.4,24,1500,8200,0,0,2000,4500,210,0,2300,0,6900,0,0,0,140,0,0,150,2300,28,0,0,0,0,0,0,0,310,430,310,1600,2500,270,0,1300,0,820,0,4.7,1200,0,2300
NP_003976.2,TNK1,TNK1,0,0,0,0,160,60,0,0,0,0,0,0,0,0,0,0,9.3,0,6400,0,120,320,0,630,21,0,0,0,0,1500,0,0,0,0,0,2200,0,580,0,3400,0,0,0,2400,0,0,360,0,83,0,1200,0,25,0,0,0,2.5,1.8,360,0
NP_001010938.1,TNK2,TNK2,0,0,0,0,6000,0,0,0,0,0,0,0,0,0,0,0,6.6,0,0,0,0,760,5.6,0,200,0,0,0,0,0,0,0,680,0,2600,870,250,1600,0,0,0,0,0,0,0,0,27,0,120,1100,9600,0,70,0,0,0,16,2,64,0
NP_057062.1,TNNI3K,TNNI3K,0,0,0,0,0,170,0,0,0,0,0,0,0,0,0,0,2100,0,5900,5600,0,110,11,570,130,55,0,0,0,0,0,0,0,4300,0,0,0,0,0,0,0,0,0,0,360,0,47,0,0,0,880,0,310,3800,3500,0,1000,2000,1800,2800
NP_001012331.1,NTRK1,TRKA,0,0,3100,2300,1800,320,0,0,0,0,0,0,1000,0,0,0,8.3,100,0,0,0,95,0,0,4.8,0,0,0,0,0,0,630,0,0,1500,56,0,270,0,0,0,0,450,0,0,0,0,320,380,0,8600,0,170,0,0,0,4,460,840,0
NP_006171.2,NTRK2,TRKB,0,0,1100,620,0,190,0,0,0,0,0,0,570,0,0,0,14,720,0,0,0,37,0,0,4.1,0,0,0,0,0,0,36,0,0,360,120,0,140,0,0,0,0,740,0,490,0,0,800,310,0,2800,0,900,0,0,0,3.8,130,3100,0
AAA75374.1,NTRK3,TRKC,0,0,210,550,0,34,0,0,0,0,0,0,190,0,0,0,14,190,0,0,0,82,0,0,3.4,0,0,0,0,0,0,120,0,0,330,68,0,250,0,0,0,0,2000,0,600,0,6300,930,1700,0,0,0,570,0,0,0,17,0,8600,0
NP_060132.3,TRPM6,TRPM6,0,0,0,0,0,0,0,0,0,0,0,0,0,0,0,0,0,0,0,0,0,0,0,0,0,0,0,0,0,0,0,0,0,0,0,0,0,0,0,0,0,0,0,0,0,0,0,0,0,0,0,0,0,0,0,0,0,0,0,0
NP_114417.1,TSSK1B,TSSK1B,0,0,0,0,0,0,0,0,0,0,0,0,0,0,0,0,98,0,0,0,0,0,0,0,0,0,0,0,0,470,0,0,0,0,0,3200,0,2300,0,0,0,0,0,0,0,0,0,2100,4800,0,0,0,1000,0,0,0,24,25,1300,0
NP_003309.2,TTK,TTK,0,0,0,0,3900,230,0,8500,0,0,2500,0,3300,0,0,0,6.5,0,0,0,0,0,0,3700,430,0,0,4300,0,76,0,0,0,0,480,34,0,110,0,0,0,0,0,0,0,150,0,0,350,0,630,0,1100,6200,2500,0,61,50,450,0
NP_003319.2,TXK,TXK,0,0,0,0,2400,0,0,0,0,0,0,3100,0,0,0,0,660,0,0,700,0,850,2.1,3800,530,0,0,0,6000,0,0,0,4800,0,0,1100,0,580,0,0,0,0,0,0,0,2600,35,0,0,0,330,0,140,0,4500,0,230,480,1500,3700
NP_003322.2,TYK2,TYK2(JH1domain-catalytic),0,0,0,0,3600,1800,0,0,0,0,0,0,0,0,0,0,15,150,410,0,4.8,210,1800,0,5000,180,0,0,0,0,0,0,0,0,0.9,5.8,0,160,0,0,0,0,0,0,0,3400,430,0,250,0,280,0,190,0,0,0,56,77,21,0
NP_003322.3,TYK2,TYK2(JH2domain-pseudokinase),0,0,0,0,0,0,0,0,0,0,0,0,0,2000,0,0,910,2200,0,0,0,2000,110,2400,0,35,0,1800,0,0,0,0,0,8700,1400,470,0,520,0,0,0,500,0,0,0,0,0,6600,0,0,3400,0,0,0,2000,0,3100,1900,450,0
NP_006284.2,TYRO3,TYRO3,0,0,0,0,0,0,0,0,830,0,0,0,0,0,0,0,650,9300,0,1000,0,800,0,3900,2,0,0,0,0,0,0,0,0,0,0,0,2000,0,0,0,0,0,0,3100,0,0,450,2000,0,0,0,0,1900,0,0,0,280,7200,0,93
NP_003556.1,ULK1,ULK1,8000,0,0,0,0,3700,0,0,0,0,0,0,0,0,2800,0,1000,55,0,0,0,1000,0,0,0,0,0,0,0,0,5900,0,0,0,300,1900,0,53,0,0,0,0,0,0,0,0,0,2000,0,0,0,0,14,0,0,0,9.9,0.83,270,0
NP_055498.2,ULK2,ULK2,6000,0,0,0,9900,360,0,0,0,0,0,0,0,0,0,0,60,54,0,0,0,1600,0,0,0,470,0,0,0,0,2300,0,0,0,190,450,0,130,0,0,0,0,0,0,0,0,0,1500,0,0,4900,0,19,0,0,0,0.79,1.8,79,0
NP_001092906.1,ULK3,ULK3,0,0,0,0,670,57,0,0,0,0,0,0,0,0,0,0,4.9,170,0,4700,6400,6700,4600,920,450,0,0,0,0,0,0,0,0,0,2400,900,0,120,0,0,0,0,0,0,0,0,0,0,1300,0,9900,0,7.1,0,0,0,1.2,11,290,6400
NP_002244.1,KDR,VEGFR2,0,0,8.1,87,5.9,200,0,500,1.1,0,0,0,3900,0,0,5,220,68,1300,0,0,0,2900,5700,12,0,0,0,0,0,0,0,0,0,0,460,18,120,0,0,0,0,0,0,0,14,690,0,3200,2100,1200,62,40,0,0,0,220,940,5200,820
NP_006287.2,VRK2,VRK2,4000,0,0,0,0,0,0,0,0,0,0,0,0,0,0,0,0,0,0,0,0,0,3200,0,0,63,0,0,0,0,0,0,0,0,4000,0,0,0,0,0,0,0,0,0,0,0,0,0,0,0,0,0,0,0,0,0,0,0,0,0
NP_003381.1,WEE1,WEE1,0,0,0,0,0,0,0,0,0,0,0,0,0,0,0,0,1200,1200,0,0,0,0,7000,0,0,0,0,0,0,0,0,0,4100,0,0,0,0,2800,0,0,0,0,0,0,0,0,71,0,4600,0,0,0,890,0,0,0,1600,3000,390,0
P0C1S8,WEE2,WEE2,0,0,0,0,0,0,0,0,0,0,0,0,0,0,0,0,7900,0,0,0,0,0,200,0,0,0,0,0,0,0,0,0,1300,0,0,0,0,4700,0,0,0,0,0,0,0,0,57,0,0,0,0,0,9400,0,0,0,0,0,6000,0
NP_001106195.1,STK32A,YANK1,0,0,640,0,0,0,0,0,0,0,0,0,0,0,0,0,2100,0,0,0,0,0,0,0,0,5500,0,0,0,0,0,0,0,0,0,0,0,4400,0,0,0,0,0,0,0,0,2500,0,2400,0,690,0,2300,0,1300,0,13,13,0,5000
NP_060871.1,STK32B,YANK2,0,0,270,0,0,0,0,0,0,0,0,0,0,0,0,3900,5900,0,0,0,0,0,0,0,0,0,0,0,0,0,0,0,6400,0,0,0,0,0,0,0,0,0,0,0,0,0,1200,0,0,0,1400,0,0,0,2100,0,98,24,0,0
NP_775846.2,STK32C,YANK3,0,0,0,0,0,0,0,0,0,0,0,0,0,0,0,0,8000,0,0,0,0,0,0,0,0,0,0,0,0,0,0,0,0,0,0,0,0,0,0,0,0,0,0,0,0,0,0,0,0,0,0,0,0,0,0,0,310,55,0,0
NP_005424.1,YES1,YES,0,570,0,0,2700,260,0,3800,260,0,0,0,4900,0,0,0,160,580,940,1600,0,770,0.3,2200,48,0,0,0,0,0,0,0,240,0,0,430,3100,18,0,0,0,0,0,260,1100,5000,2.3,1400,950,1800,160,0,35,0,0,0,52,23,120,120
NP_006365.2,STK25,YSK1,0,0,0,0,0,1200,0,0,0,0,0,0,0,0,0,0,97,1200,6800,0,0,0,3400,0,5700,0,0,0,0,0,0,0,12,0,6300,3100,0,4300,0,0,0,0,0,0,0,0,2700,0,1800,0,0,0,9200,0,0,0,110,7700,7200,0
NP_079328.3,YSK4,YSK4,230,0,250,2000,270,120,0,2400,250,0,480,0,0,260,0,500,0.52,12,54,700,0,980,79,25,5.5,0,910,4000,240,190,33,0,16,0,270,39,2400,5.2,0,1600,48,0,5900,0,0,940,240,78,15,0,5.1,1900,67,0,0,6400,0.86,2800,19,980
NP_598407.1,ZAK,ZAK,0,770,0,0,2600,2.3,0,1700,0,0,0,0,860,0,0,0,6700,0,63,1200,0,0,45,0,45,0,0,0,0,0,0,0,1500,2600,0,0,3300,580,0,0,0,0,0,0,11,0,300,0,0,41,1800,4400,0,0,4400,0,0,0,650,5100
NP_997402.1,ZAP70,ZAP70,0,0,0,0,0,0,0,0,0,0,0,0,0,0,0,0,16,0,0,0,0,4200,0,0,0,0,0,0,0,0,0,0,0,0,0,0,0,940,0,0,0,0,0,0,0,0,0,0,2600,0,0,0,21,0,0,0,44,1600,3800,0
